Data,Otwarcie,Najwyzszy,Najnizszy,Zamkniecie,Wolumen
2015-04-07,167.47,168.8,166.04,166.38,21756
2015-04-08,166.04,168.55,165.56,167.47,111034
2015-04-09,167.09,167.47,163.71,165.29,67434
2015-04-10,165.09,167.75,165.09,166.14,135425
2015-04-13,167.84,170.49,166.24,170.49,36857
2015-04-14,170.78,173.02,169.08,172.97,35034
2015-04-15,174.11,176.81,172.74,176.47,60593
2015-04-16,177.19,180.85,176.47,180.85,32868
2015-04-17,181.22,181.22,175.82,175.82,54353
2015-04-20,176.15,180.27,176.15,180.27,37204
2015-04-21,180.27,183.11,179.14,181.22,91756
2015-04-22,181.22,182.31,179.8,182.31,48994
2015-04-23,182.16,183.89,180.27,181.6,43173
2015-04-24,181.7,182.16,178.84,182.07,23364
2015-04-27,181.22,192.62,181.22,188.72,75477
2015-04-28,189.77,190.71,185.03,186.06,60227
2015-04-29,187.72,187.77,180.27,182.16,49251
2015-04-30,180.51,183.6,178.76,180.76,71239
2015-05-04,181.46,184.68,172.21,176.47,64895
2015-05-05,177.8,178.53,169.84,172.59,70214
2015-05-06,172.69,177.62,170.41,177.62,76849
2015-05-07,181.22,183.6,174.82,180.27,74149
2015-05-08,180.27,182.65,176.1,176.47,45261
2015-05-11,177.43,177.43,174.67,175.06,28310
2015-05-12,175.06,175.53,174.3,174.57,14545
2015-05-13,174.48,177.71,172.74,175.35,18267
2015-05-14,177.43,177.43,174.82,174.82,10105
2015-05-15,174.82,181.85,173.34,177.48,25157
2015-05-18,175.92,179.7,174.57,178.43,16003
2015-05-19,179.28,179.28,175.53,177.48,15840
2015-05-20,177.9,178.99,172.92,173.53,64845
2015-05-21,174.52,175.38,172.74,174.34,10336
2015-05-22,174.57,175.48,171.54,171.54,22385
2015-05-25,171.59,172.35,170.78,171.74,7763
2015-05-26,171.74,172.49,166.04,166.04,23619
2015-05-27,166.04,174.26,166.04,171.35,32986
2015-05-28,172.69,174.92,169.94,169.94,33869
2015-05-29,170.78,174.39,169.84,174.39,81672
2015-06-01,175.06,176.96,174.72,176.47,43392
2015-06-02,162.25,165.89,160.35,163.29,183437
2015-06-03,164.15,167.47,163.67,166.99,64226
2015-06-05,166.99,169.12,165.99,168.27,93731
2015-06-08,166.99,169.12,166.09,166.09,52051
2015-06-09,166.04,166.94,161.77,162.71,57582
2015-06-10,163.67,167.71,156.98,166.04,94099
2015-06-11,166.99,166.99,164.62,166.51,61990
2015-06-12,167.47,169.22,166.94,167.66,113281
2015-06-15,164.8,168.02,163.49,166.24,32806
2015-06-16,165.94,169.03,165.52,167.09,30222
2015-06-17,167.84,168.84,161.67,163.67,83682
2015-06-18,164.25,167.71,164.15,167.14,35384
2015-06-19,166.99,168.12,165.14,165.48,90745
2015-06-22,167.75,170.64,167.23,170.64,89030
2015-06-23,171.64,174.97,169.84,169.84,99912
2015-06-24,169.84,172.59,167.33,169.42,24189
2015-06-25,170.73,170.78,167.98,168.51,46453
2015-06-26,167.56,170.83,167.56,170.32,63160
2015-06-29,162.29,170.32,159.36,166.9,57152
2015-06-30,164.99,166.99,164.72,165.09,47016
2015-07-01,166.85,171.64,164.29,169.84,42176
2015-07-02,171.03,173.12,169.27,171.44,25509
2015-07-03,171.03,171.03,167.75,169.84,32544
2015-07-06,167.47,168.42,164.2,166.04,45162
2015-07-07,166.99,167.71,164.62,165.09,22722
2015-07-08,165.09,165.19,161.97,163.49,38701
2015-07-09,162.43,163.95,161.06,163.49,54386
2015-07-10,164.29,169.84,163.76,169.84,41852
2015-07-13,170.78,173.63,170.17,173.25,80309
2015-07-14,173.63,174.52,172.64,174.06,80181
2015-07-15,174.06,175.53,172.64,173.68,24544
2015-07-16,172.08,176.47,172.08,176.1,27128
2015-07-17,176.71,181.42,175.06,180.27,34447
2015-07-20,180.18,180.51,178.66,180.51,29415
2015-07-21,180.32,182.51,178.2,180.71,34846
2015-07-22,178.89,180.23,178.38,179.28,20512
2015-07-23,179.23,180.18,177.43,178,25456
2015-07-24,178,181.88,177.15,181.22,23870
2015-07-27,181.42,182.16,177.48,179.04,53338
2015-07-28,179.18,180.27,177.67,179.28,73747
2015-07-29,179.99,183.55,178.84,182.55,109130
2015-07-30,182.36,184.07,180.94,181.7,8317
2015-07-31,182.98,183.99,181.46,183.11,86485
2015-08-03,182.65,183.11,174.06,176.96,66562
2015-08-04,178.38,179.18,176.15,177.9,73698
2015-08-05,177.71,183.03,177.15,183.03,76889
2015-08-06,182.16,182.94,177.67,178.38,48323
2015-08-07,178.84,180.18,177.43,179.84,8068
2015-08-10,180.09,182.16,177,179.28,22599
2015-08-11,179.84,181.04,179.84,180.27,27072
2015-08-12,180.56,180.56,177.33,179.32,17765
2015-08-13,180.23,180.23,177.33,177.38,31365
2015-08-14,179.04,179.94,176.52,176.52,22002
2015-08-17,177.48,180.04,176.57,180.04,46342
2015-08-18,180.04,180.04,176.71,178.48,18180
2015-08-19,179.32,180.18,178.2,180.18,71763
2015-08-20,179.8,180.27,177.48,179.8,39912
2015-08-21,177.71,180.18,177.71,179.32,55670
2015-08-24,175.67,175.67,161.31,165.19,112442
2015-08-25,166.19,174.52,166.14,171.3,92390
2015-08-26,171.3,172.69,159.4,160.82,106869
2015-08-27,164.9,167.47,163.49,164.62,129378
2015-08-28,165.56,170.49,163.9,165.99,62672
2015-08-31,166.04,166.51,161.45,162.16,94021
2015-09-01,161.31,162.16,153.33,157.98,113878
2015-09-02,158.45,159.4,150.86,150.86,102720
2015-09-03,151.81,157.4,151.81,154.66,62396
2015-09-04,155.47,156.42,151.89,155.62,61760
2015-09-07,156.47,157.98,152.9,153.72,28413
2015-09-08,153.72,157.5,153.43,157.5,42902
2015-09-09,159.4,162.91,158.69,160.4,42695
2015-09-10,161.77,163.01,158.26,162.71,45195
2015-09-11,163.1,163.1,157.5,158.93,24938
2015-09-14,159.4,160.72,158.93,160.72,31862
2015-09-15,160.35,162.43,158.98,162.43,21036
2015-09-16,162.07,164.05,160.92,163.53,51486
2015-09-17,163.67,165.8,160.87,160.87,33836
2015-09-18,161.4,162.96,159.4,162.02,60592
2015-09-21,161.77,161.77,160.35,161.31,10287
2015-09-22,162.27,163.28,155.75,157.19,17987
2015-09-23,156.95,158.4,154.64,155.75,15946
2015-09-24,155.51,156.38,151.35,151.64,24306
2015-09-25,152.42,158.16,152.42,157.29,34471
2015-09-28,156.62,156.95,155.01,155.89,40181
2015-09-29,153.63,154.74,148.98,154.74,81304
2015-09-30,155.98,158.4,152.75,158.35,51016
2015-10-01,159.18,161.68,157.14,158.84,91627
2015-10-02,159.18,159.18,150.68,153.09,95191
2015-10-05,154.49,156.43,152.84,155.51,46442
2015-10-06,157.29,157.43,150.78,151.64,41499
2015-10-07,153.28,153.53,146.86,149.9,137745
2015-10-08,150.58,156.03,148.74,156.03,36249
2015-10-09,157.24,161.68,156.66,160.81,30573
2015-10-12,161.73,162.17,159.65,160.81,70975
2015-10-13,161.31,164.2,160.33,164.2,28995
2015-10-14,164.96,164.96,161.4,161.49,27104
2015-10-15,162.27,166.13,161.45,165.16,38239
2015-10-16,166.03,167.86,164.54,167.1,48398
2015-10-19,167.39,168.05,166.13,167.96,34950
2015-10-20,168.05,168.05,166.75,167.77,22573
2015-10-21,167.1,168.05,166.42,167.1,42926
2015-10-22,167.1,168.88,166.85,167.96,35148
2015-10-23,168.92,168.92,167.44,167.53,23913
2015-10-26,168.05,175.39,167.1,171.1,59978
2015-10-27,170.47,172.55,169.51,169.95,41429
2015-10-28,169.02,170.39,168.44,170.39,23872
2015-10-29,171.06,171.06,166.71,166.9,47177
2015-10-30,166.56,168.05,161.78,163.23,50574
2015-11-02,161.78,165.64,159.94,162.27,32764
2015-11-03,162.27,165.16,160.66,163.23,41376
2015-11-04,163.43,165.06,162.03,163.95,56593
2015-11-05,164.2,164.2,160.43,162.27,13352
2015-11-06,162.17,162.17,150.68,150.68,226835
2015-11-09,151.64,153.43,145.41,147.3,76441
2015-11-10,147.63,147.63,139.57,143.13,158981
2015-11-12,145.36,148.02,143.92,146.81,130202
2015-11-13,147.78,147.78,141.8,143.82,51731
2015-11-16,142.03,143.28,135.41,137.92,80365
2015-11-17,138.12,140.97,138.12,140.1,60283
2015-11-18,140.58,140.63,137.16,139.62,46307
2015-11-19,140.33,141.2,139.09,141.2,22003
2015-11-20,141.25,145.85,139.42,145.85,39433
2015-11-23,146.67,149.42,143.43,149.32,172978
2015-11-24,149.56,149.56,145.9,148.89,80941
2015-11-25,147.78,149.66,145.98,149.66,80316
2015-11-26,149.66,154.34,147.58,153.78,53331
2015-11-27,154.54,155.01,152.61,153.48,65927
2015-11-30,153.58,154.34,151.1,153.58,103136
2015-12-01,153.58,154,143.47,143.92,128599
2015-12-02,143.82,143.92,140.58,141.98,168404
2015-12-03,143.47,148.44,141.5,143.13,36526
2015-12-04,143.92,143.92,137.97,141.5,125172
2015-12-07,141.5,142.42,139.14,140.05,68490
2015-12-08,140.1,141.4,138.31,139.09,57515
2015-12-09,138.12,140.73,127.49,128.32,157507
2015-12-10,127.74,133.05,127.35,132.71,229704
2015-12-11,133.38,134.12,130.53,131.21,202554
2015-12-14,131.21,131.21,126.33,127.49,77807
2015-12-15,128.37,132.71,127.97,129.28,61587
2015-12-16,130.38,132.81,130.01,132.27,85172
2015-12-17,134.27,135.03,131.5,132.31,99607
2015-12-18,132.41,133.63,127.49,130.88,227534
2015-12-21,131.35,133.05,124.6,128.27,179506
2015-12-22,129.23,131.84,126.1,131.84,100820
2015-12-23,132.76,132.76,128.46,132.31,45609
2015-12-28,132.27,132.27,129.52,129.52,51750
2015-12-29,131.35,134.53,129.42,129.42,125913
2015-12-30,125.56,133.82,123.67,133.82,186623
2016-01-04,131.4,131.4,125.75,126.14,79025
2016-01-05,125.95,127.97,123.82,124.01,80432
2016-01-07,122.09,122.09,116.58,116.87,146764
2016-01-08,117.35,120.72,116.49,118.31,168282
2016-01-11,117.35,118.94,116.04,117.4,158792
2016-01-12,117.4,119.91,117.4,118.17,98360
2016-01-13,118.94,121.59,117.83,119.48,103809
2016-01-14,118.85,119.67,116.53,118.03,105026
2016-01-15,117.02,119.24,116.87,117.79,59681
2016-01-18,112.04,115.8,112.04,112.28,77272
2016-01-19,113,114.94,113,113.24,43203
2016-01-20,114.21,114.21,108.86,108.86,99692
2016-01-21,108.9,110.45,104.75,105.27,89423
2016-01-22,106.34,112.62,106.34,111.66,113553
2016-01-25,111.89,115.9,110.64,114.94,84091
2016-01-26,115.42,116.29,113,113,50596
2016-01-27,113,115.75,113,115.75,30540
2016-01-28,116.68,116.72,112.04,115.17,104529
2016-01-29,116.72,116.72,113.97,115.07,76334
2016-02-01,116.34,123.01,113.49,120.16,245098
2016-02-02,121.69,122.96,116.09,116.97,66148
2016-02-03,116.04,120.87,116.04,120.87,150591
2016-02-04,122.23,128.76,122.04,126.52,190390
2016-02-05,127.44,127.44,122.09,122.86,126599
2016-02-08,123.57,123.57,117.83,120.4,87144
2016-02-09,120.72,121.41,118.8,120.45,89308
2016-02-10,121.22,123.57,120.72,121.22,59655
2016-02-11,121.22,122.56,118.31,121.22,46192
2016-02-12,120.01,122.96,120.01,122.86,65443
2016-02-15,123.01,124.36,121.02,121.99,28327
2016-02-16,121.07,121.89,118.8,119.76,38806
2016-02-17,119.38,124.98,119.38,124.98,103295
2016-02-18,125.03,130.38,124.65,130.35,82608
2016-02-19,130.38,132.71,125.66,127.84,72890
2016-02-22,128.46,133.05,128.46,129.42,43357
2016-02-23,129.42,131.03,127.89,129.42,49646
2016-02-24,129.71,130.35,125.9,127.4,45226
2016-02-25,128.66,137.06,128.66,135.8,252516
2016-02-26,136.57,140.53,136.57,139.09,191838
2016-02-29,139.09,145.8,138.17,144.89,211727
2016-03-01,144.89,144.89,138.69,139.96,128757
2016-03-02,142.52,142.52,139.77,141.8,62567
2016-03-03,141.98,142.8,141.1,142.27,57595
2016-03-04,143.92,143.92,140.14,141.5,39134
2016-03-07,141.6,143.28,141.3,142.95,25666
2016-03-08,142.76,146.08,142.03,145.8,46676
2016-03-09,144.44,147.49,144.39,146.37,76017
2016-03-10,145.03,148.69,145.03,147.78,65212
2016-03-11,147.78,148.69,146.47,148.69,26331
2016-03-14,148.74,149.86,147.44,148.4,41993
2016-03-15,148.27,149.13,145.26,147.34,129674
2016-03-16,148.27,152.8,146.86,149.03,80271
2016-03-17,148.74,153.43,148.74,153.43,82045
2016-03-18,153.43,153.43,151.83,152.66,88747
2016-03-21,152.61,154.19,151.4,154.19,57885
2016-03-22,152.61,155.66,151.92,154.54,50324
2016-03-23,154,155.36,151.87,154.54,48904
2016-03-24,153.24,154.05,152.07,152.61,29985
2016-03-29,153.28,153.58,149.71,152.61,89663
2016-03-30,152.61,154.39,151.01,151.01,48715
2016-03-31,151.64,154.29,150.87,154.29,129528
2016-04-01,154.34,157.87,143.92,145.85,227962
2016-04-04,146.76,149.47,146.08,147.58,75913
2016-04-05,147.68,147.68,143.92,144.89,103953
2016-04-06,143.97,145.85,139.38,139.57,76808
2016-04-07,139.57,145.85,139.57,145.41,92396
2016-04-08,145.41,148.93,145.21,148.93,73727
2016-04-11,148.89,148.89,146.52,147.78,44181
2016-04-12,146.81,148.59,146.23,146.67,40440
2016-04-13,148.31,151.35,147.25,151.35,77356
2016-04-14,150.96,155.01,149.9,154.64,75496
2016-04-15,154.05,155.16,152.02,155.16,43429
2016-04-18,155.16,161.11,152.71,161.01,59201
2016-04-19,161.31,165.41,161.01,164.2,67970
2016-04-20,164.2,168,163.48,167.53,105361
2016-04-21,168,168.97,161.49,165.21,110816
2016-04-22,165.51,166.08,162.27,165.06,30448
2016-04-25,163.38,167.72,162.89,164.2,192025
2016-04-26,163.23,165.98,162.27,164.2,46377
2016-04-27,162.59,165.26,162.45,164.2,81141
2016-04-28,162.69,164.2,157.68,163.23,41301
2016-04-29,163.71,164.2,160.81,164.2,102071
2016-05-02,164.15,164.2,162.36,164.2,18124
2016-05-04,164.2,166.08,163.23,164.5,75388
2016-05-05,162.41,164.96,160.66,163.23,56690
2016-05-06,162.27,162.27,157.48,159.18,115724
2016-05-09,159.22,161.26,157,160.33,97317
2016-05-10,159.37,165.06,159.37,164.1,77877
2016-05-11,164.15,164.15,162.36,163.23,93652
2016-05-12,160.53,164.1,160.53,162.99,46838
2016-05-13,163.23,167.82,163.23,165.16,214831
2016-05-16,164.25,168,161.4,166.28,103764
2016-05-17,164.3,166.8,159.99,162.08,92243
2016-05-18,160.33,160.66,156.48,157.43,77217
2016-05-19,157.48,159.03,155.51,156.71,141698
2016-05-20,156.03,161.06,155.98,159.37,74737
2016-05-23,159.08,164.2,158.89,164.2,67994
2016-05-24,163.23,166.03,161.31,163.23,104296
2016-05-25,162.27,163.9,161.54,163.23,58139
2016-05-27,163.23,163.56,159.41,161.11,74463
2016-05-30,160.53,164.59,160.53,164.05,56453
2016-05-31,163.23,164.68,163.04,164.68,294032
2016-06-01,163.23,166.03,159.84,162.74,120403
2016-06-02,161.4,166.56,161.36,166.13,72353
2016-06-03,166.23,174.43,165.73,172.9,136332
2016-06-06,172.9,173.85,169.17,169.95,61384
2016-06-07,169.51,171.43,166.18,166.61,111941
2016-06-08,167.82,168.3,161.83,162.84,89774
2016-06-09,163.13,164,157.43,158.69,166991
2016-06-10,159.37,159.84,156.8,159.56,127328
2016-06-13,159.61,163.86,158.35,163.18,43204
2016-06-14,161.4,164.15,159.51,160.76,191607
2016-06-15,159.51,161.21,159.51,159.7,26698
2016-06-16,158.69,159.51,154.64,155.89,41476
2016-06-17,155.98,158.35,154.91,158.35,122586
2016-06-20,159.37,162.27,158.55,160.91,39641
2016-06-21,157.68,164.15,157.68,164.1,83840
2016-06-22,165.11,168.05,160.48,168.05,46825
2016-06-23,166.18,168.74,166.18,167.53,45193
2016-06-24,145.94,158.45,144.99,158.45,104227
2016-06-27,156.48,158.25,152.07,154.64,60299
2016-06-28,155.75,157.63,153.63,154.54,95288
2016-06-29,155.79,156.38,154.14,155.51,45356
2016-06-30,155.51,157.92,152.99,154.19,50694
2016-07-01,155.89,157.43,154.19,154.19,91978
2016-07-04,152.61,161.78,147.78,160.66,66445
2016-07-05,161.21,169.65,159.84,166.51,145041
2016-07-06,164.82,165.98,159.46,159.84,62057
2016-07-07,159.89,166.13,159.89,166.08,53151
2016-07-08,166.08,169.85,164.96,168.15,62761
2016-07-11,168.15,171.83,166.8,169.99,63371
2016-07-12,170.91,172.7,170.29,171.78,69621
2016-07-13,172.26,173.66,170.34,171.83,89764
2016-07-14,171.93,173.85,170.09,171.68,40145
2016-07-15,170.81,173.09,169.37,172.35,104413
2016-07-18,172.35,173.75,170.51,173.23,29991
2016-07-19,171.2,173.66,169.56,172.9,61672
2016-07-20,172.85,175.79,172.6,175.22,60368
2016-07-21,174.82,174.82,172.21,174.43,55350
2016-07-22,172.5,179.17,172.31,178.21,37776
2016-07-25,179.65,181.19,176.55,178.68,43209
2016-07-26,180.57,180.57,176.36,178.21,51715
2016-07-27,176.41,180.23,176.31,178.11,44592
2016-07-28,178.11,178.68,176.31,178.21,24688
2016-07-29,179.41,179.41,171.48,171.68,47538
2016-08-01,171.73,175.54,170.34,174.33,79700
2016-08-02,176.08,179.45,174.38,177.72,60294
2016-08-03,177.57,177.67,173.32,173.85,40811
2016-08-04,173.32,179.99,173.32,179.99,48330
2016-08-05,179.79,179.79,176.03,178.21,29860
2016-08-08,179.17,180.57,177.43,179.99,33074
2016-08-09,179.02,179.41,176.08,179.31,46039
2016-08-10,177.62,182.5,176.9,178.55,59658
2016-08-11,178.01,181.1,178.01,181.1,41065
2016-08-12,179.79,182.98,179.31,181.87,48991
2016-08-16,182.2,185.34,181.39,185.34,56769
2016-08-17,185.29,185.29,179.12,180.14,38355
2016-08-18,179.7,183.08,175.99,183.03,63652
2016-08-19,177.33,178.63,176.5,177.91,69330
2016-08-22,176.75,177.43,173.09,175.17,62585
2016-08-23,174.97,176.26,173.51,176.22,50486
2016-08-24,172.12,177.23,172.03,177.23,55609
2016-08-25,178.69,180.14,177.23,180.14,106276
2016-08-26,179.65,181.58,178.83,180.57,60415
2016-08-29,179.55,180.62,177.82,179.84,43154
2016-08-30,179.84,180.82,178.48,180.33,73377
2016-08-31,178.86,181.65,175.94,177.89,143004
2016-09-01,177.69,180.09,176.42,178.33,74640
2016-09-02,178.33,179.65,176.91,178.58,70046
2016-09-05,178.91,179.6,178.53,179.16,39822
2016-09-06,179.4,179.55,173.78,176.91,51412
2016-09-07,176.91,178.77,176.51,177.69,40010
2016-09-08,177.69,177.89,175.84,177.3,35027
2016-09-09,175.16,175.94,168.16,168.16,66402
2016-09-12,168.11,168.11,163.28,163.28,70989
2016-09-13,165.18,168.11,158.14,166.36,107335
2016-09-14,167.63,168.06,165.48,165.96,41200
2016-09-15,167.09,168.99,164.21,165.57,46337
2016-09-16,165.57,166.16,159.51,159.8,85609
2016-09-19,162.16,165.38,161.52,162.98,37092
2016-09-20,163.18,164.16,160.05,164.01,53442
2016-09-21,164.21,164.98,160.49,162.54,45300
2016-09-22,163.23,170.75,162.93,169.53,129649
2016-09-23,170.85,172.56,167.68,172.56,52109
2016-09-26,170.22,170.22,166.01,169.73,41713
2016-09-27,169.68,170.9,167.91,170.37,51992
2016-09-28,170.46,173.98,167.72,173.98,52397
2016-09-29,173.01,175.94,169.19,175.94,65945
2016-09-30,175.94,177.45,171.78,173.01,126476
2016-10-03,173.01,179.7,170.22,179.01,123794
2016-10-04,178.77,180.73,177.06,178.77,111205
2016-10-05,179.25,179.25,171.34,175.89,62768
2016-10-06,173.06,179.84,173.06,179.84,182265
2016-10-07,179.79,180.82,177.45,180.82,50837
2016-10-10,179.35,180.58,176.91,177.84,83866
2016-10-11,178.04,182.88,177.99,180.63,78956
2016-10-12,179.01,180.82,178.04,180.82,47284
2016-10-13,180.82,180.82,177.89,179.74,83446
2016-10-14,180.53,181.56,177.94,179.84,51757
2016-10-17,179.84,181.31,177.99,178.63,63333
2016-10-18,178.58,184.58,178.38,184.24,115430
2016-10-19,183.76,191.08,183.76,190.59,145763
2016-10-20,190.54,193.33,189.18,190.59,56713
2016-10-21,190.59,195.48,189.33,191.08,143416
2016-10-24,191.08,194.51,190.93,194.11,40289
2016-10-25,193.96,193.96,190.35,190.59,59677
2016-10-26,190.15,193.53,190.1,190.59,51402
2016-10-27,190.1,193.86,189.67,193.53,48626
2016-10-28,192.11,194.51,190.59,194.51,29548
2016-10-31,193.08,197.44,191.13,194.61,103414
2016-11-02,193.58,195.39,186.74,190.69,162604
2016-11-03,190.3,191.77,185.61,186.79,49643
2016-11-04,185.76,186.39,181.31,183.71,82672
2016-11-07,186.19,188.84,180.63,186.39,59846
2016-11-08,187.36,188.34,185.71,187.08,39219
2016-11-09,183.76,187.03,181.8,186.19,63691
2016-11-10,187.61,193.53,187.26,188.25,66090
2016-11-14,189.82,189.82,178.43,179.35,120634
2016-11-15,179.35,181.51,174.31,176.91,42116
2016-11-16,176.96,180.63,176.03,180.23,49786
2016-11-17,180.68,181.6,178.38,179.5,33313
2016-11-18,175.99,181.41,173.98,178.38,62378
2016-11-21,177.89,184.78,177.4,184.78,66813
2016-11-22,182.78,187.08,182.73,186.29,77440
2016-11-23,185.36,190.59,185.36,190.59,81429
2016-11-24,191.28,194.99,189.67,194.41,67445
2016-11-25,194.36,194.36,188,193.33,83914
2016-11-28,191.62,192.36,186.89,189.13,61679
2016-11-29,189.67,193.43,186.84,192.56,66450
2016-11-30,191.72,194.51,190.59,194.51,103764
2016-12-01,194.46,198.17,191.67,191.91,98343
2016-12-02,194.26,194.26,186.89,187.46,55780
2016-12-05,187.71,191.96,187.17,191.53,40541
2016-12-06,191.53,192.36,187.46,190.05,76375
2016-12-07,188.64,191.91,186.44,189.57,96033
2016-12-08,189.23,197.39,189.13,197.09,106408
2016-12-09,196.46,196.46,189.82,190.05,63492
2016-12-12,189.08,191.28,187.22,188.98,66830
2016-12-13,189.57,191.03,185.91,188.15,94841
2016-12-14,186.24,193.18,185.91,192.36,76720
2016-12-15,191.67,192.65,190.2,191.58,46813
2016-12-16,191.53,193.48,190.25,192.61,248203
2016-12-19,189.77,190.84,186.34,190.84,45910
2016-12-20,192.06,192.06,188.49,191.58,23546
2016-12-21,190.64,192.26,188.39,190.59,33649
2016-12-22,189.91,193.53,188.64,193.53,51160
2016-12-23,192.61,193.53,189.28,193.23,31606
2016-12-27,192.56,194.16,191.67,194.01,16217
2016-12-28,194.01,194.41,191.72,194.41,36729
2016-12-29,194.41,197.93,194.01,197.93,86310
2016-12-30,199.19,199.39,197.74,198.95,88693
2017-01-02,198.36,206.24,196.41,206.24,45873
2017-01-03,205.74,213.91,204.76,212.29,121265
2017-01-04,212.29,213.46,204.48,206.19,60826
2017-01-05,205.26,206.04,200.67,204.71,76640
2017-01-09,205.26,208.09,202.47,207.7,50272
2017-01-10,208.63,212.73,207.99,212.19,93108
2017-01-11,211.17,213.56,210.19,212.58,110663
2017-01-12,212.93,212.93,207.7,208.19,54748
2017-01-13,208.19,213.56,207.79,213.56,32918
2017-01-16,212.53,214.06,210.68,212.09,28450
2017-01-17,213.08,213.08,208.29,208.29,32911
2017-01-18,210.09,211.96,206.96,208.19,76606
2017-01-19,207.21,210.09,207.21,209.17,51090
2017-01-20,208.68,209.99,207.75,208.29,35417
2017-01-23,209.12,209.8,199.69,199.88,81926
2017-01-24,198.9,200.37,194.06,196.66,172486
2017-01-25,197.78,208.19,197.78,206.19,104868
2017-01-26,207.94,208.14,201.83,202.33,45141
2017-01-27,200.42,202.33,199.88,200.86,33351
2017-01-30,200.91,205.11,199.93,202.13,37347
2017-01-31,203.11,203.88,200.47,201.93,39457
2017-02-01,201.98,203.78,197.59,199.14,156241
2017-02-02,199.39,201.73,197.44,199.88,61525
2017-02-03,198.17,200.47,196.51,198.85,28177
2017-02-06,197.78,203.31,196.95,202.76,51508
2017-02-07,202.76,207.5,201,206.34,43825
2017-02-08,206.34,211.76,204.53,210.14,59239
2017-02-09,210.88,212.09,208.39,212.09,49825
2017-02-10,210.73,212.48,206.34,210.34,35781
2017-02-13,211.27,211.86,205.84,208.29,62119
2017-02-14,207.65,211.71,207.36,209.41,78825
2017-02-15,210.83,211.46,208.24,210.53,69908
2017-02-16,211.71,213.46,209.22,212.09,94770
2017-02-17,211.51,213.51,205.74,207.21,76687
2017-02-20,208.19,209.55,206.44,208.53,16321
2017-02-21,209.5,212.06,207.21,211.12,131014
2017-02-22,211.61,211.91,208.97,211.91,49949
2017-02-23,212.09,213.08,210.14,213.08,53775
2017-02-24,213.08,219.82,210.39,219.82,100727
2017-02-27,219.97,220.84,213.56,220.4,77159
2017-02-28,218.94,220.4,213.22,220.4,141441
2017-03-01,218.89,224.71,216.99,224.26,167944
2017-03-02,224.26,225.29,222.02,224.26,112334
2017-03-03,223.83,224.91,221.73,224.91,79559
2017-03-06,225.29,225.29,220.07,222.76,36987
2017-03-07,222.36,222.86,220.07,221.38,69099
2017-03-08,222.86,224.81,219.97,224.81,40079
2017-03-09,224.51,229.69,221.38,229.69,176244
2017-03-10,231.59,236.64,230.28,233.61,177372
2017-03-13,233.56,235.21,229.49,234.09,276217
2017-03-14,235.31,235.31,231.84,232.23,114789
2017-03-15,232.23,234.58,232.23,233.11,144267
2017-03-16,234.48,243.38,234.28,238.39,78389
2017-03-17,236.74,241.37,231.64,231.64,268339
2017-03-20,232.58,239.95,230.82,236.04,66543
2017-03-21,235.56,238.98,228.76,229.69,89780
2017-03-22,228.13,229,218.74,228.71,72310
2017-03-23,227.19,233.51,226.76,230.57,27017
2017-03-24,229.74,233.61,220.26,224.56,53045
2017-03-27,222.86,228.62,222.02,224.21,56601
2017-03-28,215.08,221.23,215.08,219.92,102698
2017-03-29,220.36,220.4,217.96,219.63,74048
2017-03-30,219.92,225.69,218.89,225.69,80334
2017-03-31,224.61,234.04,223.83,232.62,109720
2017-04-03,233.85,237.95,224.96,231.93,120053
2017-04-04,231.89,231.89,228.23,229.64,31764
2017-04-05,229.64,232.62,227.94,229.69,40279
2017-04-06,228.27,229.64,224.26,225.79,24675
2017-04-07,225.79,228.81,224.81,224.81,44329
2017-04-10,228.71,228.86,224.81,226.31,15816
2017-04-11,224.86,228.91,220.7,221.09,60729
2017-04-12,223.83,226.96,222.9,223.58,41113
2017-04-13,223.88,224.81,223.1,224.66,18906
2017-04-18,223.23,227.39,218.99,218.99,34960
2017-04-19,219.43,220.79,216.99,219.72,83367
2017-04-20,220.94,222.51,219.53,222.26,71871
2017-04-21,222.86,224.81,215.86,218.5,41883
2017-04-24,218.94,222.86,218.94,220.99,62109
2017-04-25,221.43,227.05,220.65,224.41,53508
2017-04-26,226.46,227.24,219.92,222.86,45777
2017-04-27,222.86,222.86,220.89,221.68,31818
2017-04-28,222.07,222.07,217.76,219.33,104304
2017-05-02,222.36,224.56,219.43,222.36,75677
2017-05-04,221.87,222.36,213.76,217.96,192767
2017-05-05,217.96,220.02,216.26,218.16,53125
2017-05-08,218.5,219.14,215.23,216.79,65170
2017-05-09,215.31,217.96,213.46,217.96,128748
2017-05-10,218.64,218.94,213.41,215.03,52744
2017-05-11,216.01,216.01,210.14,211.12,93719
2017-05-12,210.14,217.91,208.14,213.08,81953
2017-05-15,206.71,208.53,199.44,202.13,148115
2017-05-16,199.49,204.57,199.49,204.57,163192
2017-05-17,204.66,209.9,202.86,207.6,180966
2017-05-18,208.78,209.65,201.34,205.11,50746
2017-05-19,205.79,212.38,205.79,212.06,84316
2017-05-22,211.61,216.01,209.8,216.01,60832
2017-05-23,215.96,221.18,214.06,220.5,116267
2017-05-24,219.14,221.78,214.25,215.76,80797
2017-05-25,217.81,218.89,200.86,207.31,169320
2017-05-26,208.73,209.99,207.21,207.31,64649
2017-05-29,207.31,209.17,206.52,207.31,42251
2017-05-30,207.75,209.17,203.83,205.26,83711
2017-05-31,206.57,206.57,203.93,205.26,238272
2017-06-01,205.31,211.02,205.31,207.01,113327
2017-06-02,208.19,216.99,208.04,215.51,92575
2017-06-05,216.01,216.99,214.39,214.44,41032
2017-06-06,214.06,214.11,208.29,212.06,101816
2017-06-07,208.73,211.22,207.46,209.17,143514
2017-06-08,209.17,211.61,207.26,209.65,102435
2017-06-09,209.9,212.01,208.53,211.32,76727
2017-06-12,211.17,211.37,208.58,208.68,35485
2017-06-13,208.58,213.66,208.58,210.14,41617
2017-06-14,210.14,213.56,209.22,212.53,130840
2017-06-16,212.53,214.49,210.04,212.34,102901
2017-06-19,214.3,220.26,213.76,219.48,91981
2017-06-20,219.97,221.63,217.38,221.14,65346
2017-06-21,219.72,220.36,215.46,219.14,93110
2017-06-22,218.89,220.99,217.86,219.92,40699
2017-06-23,219.87,219.92,215.81,217.04,44916
2017-06-26,219.92,223.78,217.28,219.92,52778
2017-06-27,221.78,225.69,220.02,224.21,55917
2017-06-28,223.43,225.64,223,224.81,22498
2017-06-29,224.81,225.64,218.94,221.73,57634
2017-06-30,222.81,222.81,217.96,219.92,78116
2017-07-03,221.73,226.16,221.18,225.79,77330
2017-07-04,225.84,229.59,224.61,225.69,67183
2017-07-05,228.08,230.38,225.84,230.28,71844
2017-07-06,230.28,230.57,227.74,230.28,75964
2017-07-07,227.74,234.48,225.09,232.91,94304
2017-07-10,234.48,234.48,226.03,229.59,93353
2017-07-11,229.74,229.84,225.05,228.13,66488
2017-07-12,228.62,228.67,225.24,228.57,95928
2017-07-13,228.37,228.37,220.65,220.99,59491
2017-07-14,222.66,223.33,217.71,223.23,82272
2017-07-17,224.66,226.96,223.93,225.79,53322
2017-07-18,226.46,226.46,222.81,224.11,20478
2017-07-19,224.71,225.84,222.66,225.79,54841
2017-07-20,226.76,226.76,221.28,222.36,60909
2017-07-21,222.51,230.82,221.68,229.69,73219
2017-07-24,229.69,231.74,225.74,227.64,45457
2017-07-25,226.07,227.1,221.43,224.81,77241
2017-07-26,224.81,228.71,224.81,228.37,29748
2017-07-27,229,231.93,228.52,231.36,39693
2017-07-28,230.28,232.62,228.76,232.53,58823
2017-07-31,228.23,238.88,228.23,238.49,84438
2017-08-01,239.32,245.33,237.51,245.04,129745
2017-08-02,243.38,246.89,240.44,242.35,53663
2017-08-03,243.42,244.74,240.83,240.83,41431
2017-08-04,241.67,245.33,241.67,245.33,23682
2017-08-07,243.57,246.89,242.4,244.99,23443
2017-08-08,246.01,246.6,243.52,245.43,13474
2017-08-09,245.66,246.64,243.66,245.66,31624
2017-08-10,244.46,251.09,241.42,243.52,27609
2017-08-11,242.4,242.4,237.51,239.37,33297
2017-08-14,248.26,248.84,244.21,246.21,40197
2017-08-16,245.33,246.26,241.52,243.38,41832
2017-08-17,243.38,245.09,238.69,238.69,41522
2017-08-18,241.81,244.26,236.54,242.83,31360
2017-08-21,244.26,244.26,239.07,242.68,24102
2017-08-22,242.68,247.19,240.44,245.76,20028
2017-08-23,244.36,245.71,241.13,243.13,17609
2017-08-24,241.42,249.19,241.42,249.19,32836
2017-08-25,249.24,252.66,246.79,248.75,37070
2017-08-28,249.24,259.02,248.55,258.92,50823
2017-08-29,259.07,260.87,249.24,253.68,56263
2017-08-30,257.06,259.99,254.13,257.94,82179
2017-08-31,261.17,263.41,253.15,256.29,103399
2017-09-01,259.02,265.02,256.76,264.88,91086
2017-09-04,263.9,279.04,262.92,278.85,164639
2017-09-05,281.49,287.6,280.62,280.62,86829
2017-09-06,279.13,287.17,279.13,284.9,57580
2017-09-07,271.24,274.5,264.49,268.53,228851
2017-09-08,268.28,269.62,266.11,269.27,77291
2017-09-11,270.26,271.54,266.96,268.08,56085
2017-09-12,268.28,274.15,268.23,273.76,71615
2017-09-13,275.09,284.31,272.13,275.79,104022
2017-09-14,277.56,280.07,274.35,276.17,50376
2017-09-15,276.17,279.03,270.7,274.5,146771
2017-09-18,277.95,281.6,277.51,280.02,27565
2017-09-19,281.94,284.02,280.07,283.58,55195
2017-09-20,283.58,285.5,281.16,284.02,30856
2017-09-21,282.09,284.85,282.09,284.51,34194
2017-09-22,284.07,292.64,284.07,288.16,96519
2017-09-25,290.92,291.96,284.07,285.35,110954
2017-09-26,284.12,284.61,276.22,277.16,31804
2017-09-27,278.15,287.66,278.15,286.54,67473
2017-09-28,285.99,285.99,276.72,279.13,42985
2017-09-29,279.13,279.13,270.75,272.23,71618
2017-10-02,285.05,286.04,277.26,284.95,91005
2017-10-03,286.92,293.93,284.31,293.93,95803
2017-10-04,293.43,297.83,288.01,289.83,64631
2017-10-05,291.96,291.96,281.16,281.16,32805
2017-10-06,281.16,281.6,276.12,276.17,247994
2017-10-09,279.13,287.57,279.13,287.27,54257
2017-10-10,289,290.08,284.75,284.75,65862
2017-10-11,288.31,288.31,276.47,279.38,99024
2017-10-12,280.12,282.49,275.69,277.06,91726
2017-10-13,276.96,276.96,273.36,274.99,82658
2017-10-16,277.46,277.46,273.61,273.71,88886
2017-10-17,274.2,274.75,266.86,266.86,134704
2017-10-18,268.28,268.78,260.89,261.68,243195
2017-10-19,261.38,266.81,259.5,262.86,107197
2017-10-20,264.54,265.97,261.93,261.93,80625
2017-10-23,262.86,270.26,262.86,267.89,128256
2017-10-24,270.26,271.09,265.97,267.3,119709
2017-10-25,267.3,271.74,267.3,270.26,85390
2017-10-26,271.24,273.06,269.27,270.21,134806
2017-10-27,272.08,276.17,272.08,276.02,82621
2017-10-30,276.77,280.62,271.74,271.74,77114
2017-10-31,272.33,274.15,268.28,269.22,244177
2017-11-02,271.29,271.79,259.02,261.97,351760
2017-11-03,262.66,263.25,258.52,262.36,96252
2017-11-06,258.92,264.05,255.51,259.4,104612
2017-11-07,261.38,262.81,259.75,259.75,129481
2017-11-08,260.39,262.71,260.39,261.88,29693
2017-11-09,263.35,263.35,244.61,244.61,247293
2017-11-10,244.61,248.41,238.3,246.88,155790
2017-11-13,247.43,250.04,245.55,246.63,56211
2017-11-14,251.22,258.42,247.53,252.06,140016
2017-11-15,250.58,252.45,245.74,246.29,109105
2017-11-16,247.48,247.57,242.98,243.63,89514
2017-11-17,242.64,247.67,240.67,240.67,153518
2017-11-20,241.66,250.73,241.66,248.07,118922
2017-11-21,248.6,249.64,243.72,246.58,133483
2017-11-22,246.58,246.58,241.01,243.63,60827
2017-11-23,244.91,248.55,242.35,245.59,27498
2017-11-24,245.31,247.08,242.55,243.38,43875
2017-11-27,243.13,245.35,242.25,242.5,36217
2017-11-28,244.61,248.36,243.18,246.14,163221
2017-11-29,246.58,248.55,242.64,242.64,148125
2017-11-30,241.75,243.92,235.09,236.58,213574
2017-12-01,236.73,257.83,236.73,256.44,175151
2017-12-04,256.94,258.13,250.53,250.53,101594
2017-12-05,250.53,253.54,248.55,251.51,44819
2017-12-06,248.55,251.07,246.54,247.57,98808
2017-12-07,247.57,255.51,247.57,255.46,96290
2017-12-08,256.35,256.44,252.9,256.44,47105
2017-12-11,257.93,268.73,257.19,268.73,100989
2017-12-12,269.77,269.77,262.71,266.81,63968
2017-12-13,265.67,266.51,262.86,266.31,69073
2017-12-14,265.08,269.82,265.08,269.82,63024
2017-12-15,269.27,270.26,263.35,265.32,188206
2017-12-18,267.3,271.24,265.82,270.75,45238
2017-12-19,270.45,278.64,269.72,275.34,92586
2017-12-20,270.26,278.55,270.26,276.47,22985
2017-12-21,278.15,278.4,274.3,277.41,41307
2017-12-22,278.15,278.15,271.54,274.3,24536
2017-12-27,274.2,280.12,274.2,280.12,39683
2017-12-28,281.01,281.01,275.74,279.13,39647
2017-12-29,279.13,283.08,276.86,281.11,57444
2018-01-03,286.83,290.97,279.92,286.63,94018
2018-01-04,286.04,291.96,283.67,289,121855
2018-01-05,290.57,295.7,289.98,294.52,70219
2018-01-08,295.5,295.7,292.54,294.13,54206
2018-01-09,294.92,296.89,292.54,294.92,80890
2018-01-10,295.7,295.7,291.96,295.5,61880
2018-01-11,292.94,294.72,289.4,292.74,75123
2018-01-12,293.73,294.92,287.81,291.96,89603
2018-01-15,291.96,295.9,290.97,290.97,28393
2018-01-16,290.97,305.77,290.97,300.83,92636
2018-01-17,300.83,305.77,297.09,297.68,116471
2018-01-18,300.83,304.58,298.07,300.64,193760
2018-01-19,302.41,306.75,300.05,304.78,45092
2018-01-22,306.75,307.74,298.86,299.65,68232
2018-01-23,299.65,301.23,290.18,291.96,87273
2018-01-24,289.2,292.94,282.09,282.09,68442
2018-01-25,282.09,291.56,282.09,285.05,119171
2018-01-26,286.04,287.42,285.45,286.63,50005
2018-01-29,288.6,288.8,282.29,286.63,29790
2018-01-30,287.02,287.02,284.07,285.84,17485
2018-01-31,285.84,290.77,282.88,283.87,74728
2018-02-01,283.87,288.01,271.44,277.16,78582
2018-02-02,277.36,277.36,273.21,276.17,28572
2018-02-05,274.2,277.36,273.02,275.59,34803
2018-02-06,266.31,271.84,254.47,264.34,108531
2018-02-07,267.3,270.26,262.56,264.93,103040
2018-02-08,265.32,275.19,264.54,273.21,57407
2018-02-09,271.24,271.84,267.1,267.5,43681
2018-02-12,271.44,272.23,261.38,262.17,48916
2018-02-13,261.38,264.14,256.26,263.35,39852
2018-02-14,265.32,268.28,258.82,266.11,56493
2018-02-15,268.28,268.28,264.34,264.34,42414
2018-02-16,268.08,268.08,261.78,264.14,18774
2018-02-19,264.34,267.1,259.4,263.75,18283
2018-02-20,262.36,264.34,259.21,262.36,25897
2018-02-21,263.16,264.14,257.04,258.23,41683
2018-02-22,258.42,262.56,255.86,262.56,52607
2018-02-23,262.56,272.03,258.82,272.03,53806
2018-02-26,272.63,273.02,261.38,263.16,57126
2018-02-27,264.34,265.52,258.42,258.42,53785
2018-02-28,256.06,260.59,242.25,248.55,125036
2018-03-01,246.58,250.34,238.7,242.05,164960
2018-03-02,240.67,243.23,237.11,239.69,105334
2018-03-05,240.47,242.64,237.9,241.66,93064
2018-03-06,244.61,244.61,242.25,243.63,41338
2018-03-07,244.42,248.55,241.66,245.99,35535
2018-03-08,247.57,255.27,247.57,253.68,71317
2018-03-09,253.68,256.26,252.7,254.87,77352
2018-03-12,259.6,261.97,255.27,259.8,59431
2018-03-13,254.47,266.71,251.51,254.67,158176
2018-03-14,254.47,258.23,246.58,246.58,99588
2018-03-15,246.39,255.07,245.21,252.5,74654
2018-03-16,251.12,255.46,245.99,245.99,154906
2018-03-19,247.57,247.57,236.33,238.7,100350
2018-03-20,238.7,246.78,236.73,242.45,43752
2018-03-21,243.63,245.59,236.13,243.63,53177
2018-03-22,240.67,242.83,231,233.77,86008
2018-03-23,233.77,233.77,222.72,227.05,157286
2018-03-26,231.98,238.3,229.82,232.18,60224
2018-03-27,236.73,246.78,236.73,243.23,132172
2018-03-28,242.83,242.83,238.1,239.29,75702
2018-03-29,239.69,242.05,228.64,230.01,134184
2018-04-03,229.82,239.09,228.64,236.73,229898
2018-04-04,236.92,243.63,236.92,240.67,177109
2018-04-05,243.23,255.46,242.45,253.88,164673
2018-04-06,252.5,262.76,251.71,258.23,222604
2018-04-09,257.63,263.16,253.1,259.4,98205
2018-04-10,260.39,262.36,255.86,257.43,151413
2018-04-11,258.42,261.58,250.53,252.7,117190
2018-04-12,252.11,259.21,250.53,258.42,65263
2018-04-13,259.02,267.69,258.82,266.91,167301
2018-04-16,267.5,269.67,265.92,268.28,71438
2018-04-17,270.26,273.21,267.3,270.26,101280
2018-04-18,271.64,274.2,265.32,269.07,78091
2018-04-19,269.07,270.26,265.92,266.71,54670
2018-04-20,268.08,268.48,263.75,263.75,131997
2018-04-23,263.35,267.89,261.78,262.56,54208
2018-04-24,263.35,267.69,261.38,261.38,53778
2018-04-25,260.79,263.95,257.24,260.79,35995
2018-04-26,259.4,263.16,251.91,252.31,77423
2018-04-27,253.49,256.06,248.95,254.67,115914
2018-04-30,250.53,258.23,247.97,255.46,130198
2018-05-02,254.67,266.51,254.67,264.34,130180
2018-05-04,259.8,261.19,254.87,255.07,74357
2018-05-07,256.26,259.02,248.95,252.31,49775
2018-05-08,250.53,253.88,248.55,252.11,64049
2018-05-09,253.68,263.35,252.11,262.96,52654
2018-05-10,262.96,269.27,258.62,268.08,69545
2018-05-11,267.89,275.59,265.32,275.59,62190
2018-05-14,275.39,276.96,267.69,275.19,59305
2018-05-15,271.64,280.91,268.88,274.99,116602
2018-05-16,274.6,274.6,271.84,274.4,48663
2018-05-17,271.24,273.02,266.31,266.31,103895
2018-05-18,265.32,268.08,262.36,262.36,66707
2018-05-21,262.36,269.67,260.59,266.91,64211
2018-05-22,264.54,270.45,264.54,267.1,51829
2018-05-23,264.14,274.4,264.14,267.3,123348
2018-05-24,266.11,273.21,265.32,273.02,109449
2018-05-25,273.02,274.2,268.88,274.2,40959
2018-05-28,274.2,274.2,268.48,271.84,27082
2018-05-29,268.68,273.61,262.96,273.41,69710
2018-05-30,271.24,271.64,265.52,269.07,169590
2018-06-01,267.3,267.89,243.03,244.42,254810
2018-06-04,247.18,248.36,229.02,240.27,278426
2018-06-05,242.83,242.83,234.75,239.49,102870
2018-06-06,241.46,246.58,237.31,244.42,143183
2018-06-07,245.59,245.59,240.67,243.23,87231
2018-06-08,243.63,243.63,237.31,241.66,156484
2018-06-11,241.46,241.66,235.54,236.73,100351
2018-06-12,236.73,236.73,232.97,235.14,75241
2018-06-13,236.73,236.73,232.78,232.97,69109
2018-06-14,231.79,237.11,231.79,237.11,72003
2018-06-15,235.93,240.67,234.16,237.31,138452
2018-06-18,235.74,238.1,229.02,230.81,61858
2018-06-19,229.62,229.62,219.96,223.7,159700
2018-06-20,224.89,229.42,222.52,224.89,82373
2018-06-21,225.28,226.46,212.45,215.22,208550
2018-06-22,218.37,222.72,217,222.32,128768
2018-06-25,219.96,222.92,217,217,77613
2018-06-26,217,218.57,214.83,215.02,107233
2018-06-27,214.04,215.41,205.36,213.84,263253
2018-06-28,211.08,214.04,207.13,211.67,97577
2018-06-29,212.45,214.43,202.2,204.17,114293
2018-07-02,202.4,206.15,196.58,201.21,309084
2018-07-03,202,202,189.58,192.83,317124
2018-07-04,192.83,199.24,192.44,199.24,66164
2018-07-05,199.44,202.2,193.12,193.32,93656
2018-07-06,194.11,196.68,188.39,194.01,142478
2018-07-09,193.42,202.99,193.32,202.79,138387
2018-07-10,202.2,203.19,200.03,202.4,118739
2018-07-11,199.04,201.61,196.38,199.64,67221
2018-07-12,199.83,202.6,197.27,202.6,65583
2018-07-13,200.63,203.97,199.83,201.21,103347
2018-07-16,201.41,202.4,199.24,200.03,60285
2018-07-17,201.21,204.17,198.84,200.03,122233
2018-07-18,199.44,201.41,190.36,193.32,105149
2018-07-19,194.31,194.31,188.69,188.89,145695
2018-07-20,190.46,199.24,190.46,199.24,200735
2018-07-23,199.24,202.99,196.58,202.79,149248
2018-07-24,203.59,211.67,202.2,211.08,103853
2018-07-25,211.67,216.4,211.08,216.4,141077
2018-07-26,217.2,219.96,213.25,219.96,173365
2018-07-27,218.97,221.93,216.8,221.93,121924
2018-07-30,221.93,224.69,219.56,223.9,216845
2018-07-31,225.08,225.08,217.78,221.93,247380
2018-08-01,219.96,220.16,209.11,212.65,215145
2018-08-02,213.05,217,212.06,212.06,69820
2018-08-03,212.26,213.64,204.57,212.06,90098
2018-08-06,214.04,217.59,210.68,212.06,73554
2018-08-07,216.4,216.4,212.06,214.43,49124
2018-08-08,214.04,214.04,208.32,208.32,89012
2018-08-09,207.72,214.24,207.72,212.06,65370
2018-08-10,211.87,212.65,206.53,207.72,103225
2018-08-13,208.32,208.32,201.41,206.15,63249
2018-08-14,208.32,208.32,201.8,203.59,57388
2018-08-16,203.19,206.73,201.61,203.39,86475
2018-08-17,203.19,209.11,201.61,207.13,43772
2018-08-20,208.12,208.32,202.4,205.75,71223
2018-08-21,205.55,208.51,203.39,206.73,65069
2018-08-22,206.73,214.43,206.15,214.43,150585
2018-08-23,215.02,217.59,213.05,217.59,109032
2018-08-24,217.59,221.73,215.61,221.73,94063
2018-08-27,222.52,231.59,221.53,228.04,123184
2018-08-28,228.04,229.42,224.1,228.83,101652
2018-08-29,227.85,228.24,220.74,224.69,119810
2018-08-30,224.69,224.69,220.74,222.32,97402
2018-08-31,221.14,222.92,211.28,212.65,247975
2018-09-03,212.06,216.21,210.29,214.04,89719
2018-09-04,219.96,226.06,217.98,223.9,153378
2018-09-05,223.9,224.1,219.36,221.93,70868
2018-09-06,218.97,220.94,215.41,215.41,67640
2018-09-07,215.22,216.8,209.3,209.89,93732
2018-09-10,210.09,212.45,205.55,206.15,53121
2018-09-11,206.53,208.71,195.59,201.21,152835
2018-09-12,201.21,202.2,197.86,198.45,85869
2018-09-13,201.21,203.59,198.45,199.24,69371
2018-09-14,199.24,211.87,198.25,210.68,62280
2018-09-17,210.09,216.6,208.32,214.83,117112
2018-09-18,214.63,218.81,208.65,209.25,190623
2018-09-19,213.03,220.6,210.24,216.82,101492
2018-09-20,216.22,222.8,215.82,219.01,67351
2018-09-21,219.21,223.79,217.61,223.79,476505
2018-09-24,222.6,236.95,222.2,235.95,132968
2018-09-25,235.75,235.75,223.19,224.59,130055
2018-09-26,223.19,229.77,223.19,224.79,67779
2018-09-27,227.58,227.58,221.2,222.2,76067
2018-09-28,220.21,223.79,215.42,219.21,89783
2018-10-01,219.21,224.99,219.21,220.01,59063
2018-10-02,217.81,222.6,211.24,222.6,52668
2018-10-03,224.19,224.79,221.2,222.2,34049
2018-10-04,223,223.59,219.21,223.19,61364
2018-10-05,222.4,230.77,222.4,229.17,97296
2018-10-08,228.18,228.18,217.22,218.21,47891
2018-10-09,219.21,223,211.44,220.4,140454
2018-10-10,221.2,223,216.82,217.81,80309
2018-10-11,214.03,217.61,209.44,210.24,113170
2018-10-12,211.84,215.02,208.65,208.65,132301
2018-10-15,209.84,210.24,204.46,207.65,99788
2018-10-16,209.25,217.22,208.85,214.23,124211
2018-10-17,214.83,218.21,211.24,213.23,82021
2018-10-18,210.44,213.03,203.86,203.86,134413
2018-10-19,204.06,207.25,202.27,203.67,101414
2018-10-22,204.26,212.43,204.26,210.44,59675
2018-10-23,208.45,208.85,203.27,203.27,31044
2018-10-24,206.85,213.43,204.46,205.86,113652
2018-10-25,204.26,204.26,196.59,197.29,132242
2018-10-26,197.29,200.08,191.71,193.7,130609
2018-10-29,191.21,191.21,168.89,169.39,652291
2018-10-30,168.89,172.38,164.11,167.1,281845
2018-10-31,168.39,170.68,164.51,166.4,170661
2018-11-02,169.39,176.36,165.5,172.98,201776
2018-11-05,171.28,179.85,169.19,178.85,150169
2018-11-06,177.36,177.36,171.38,171.78,235322
2018-11-07,172.38,181.35,172.38,180.75,263613
2018-11-08,182.24,193.9,180.35,193,177993
2018-11-09,192.8,194.1,187.42,188.32,463786
2018-11-13,188.92,192.11,174.97,177.36,192869
2018-11-14,178.26,185.63,174.97,181.84,101965
2018-11-15,181.84,184.43,179.35,181.15,69071
2018-11-16,183.74,183.74,176.26,180.15,48696
2018-11-19,182.44,182.44,173.08,177.56,96529
2018-11-20,175.37,179.65,173.37,173.47,86856
2018-11-21,175.37,179.65,175.37,177.56,79541
2018-11-22,178.95,187.03,178.95,184.34,83538
2018-11-23,184.34,186.83,183.44,186.33,29113
2018-11-26,193.9,194.8,188.12,193.3,125610
2018-11-27,192.21,205.06,191.31,195.99,223291
2018-11-28,198.28,205.06,196.59,201.27,141215
2018-11-29,203.27,207.85,203.27,206.26,238156
2018-11-30,206.26,209.44,202.27,209.44,149278
2018-12-03,211.44,215.82,203.27,206.26,151459
2018-12-04,206.26,209.25,200.68,203.86,181348
2018-12-05,201.27,208.85,197.49,207.85,79935
2018-12-06,204.26,206.26,200.48,202.47,86125
2018-12-07,202.27,204.86,198.48,203.47,88128
2018-12-10,202.27,202.27,189.42,195.3,147506
2018-12-11,197.29,198.58,195,197.49,122133
2018-12-12,198.28,202.87,196.69,202.87,62992
2018-12-13,204.26,204.26,199.28,202.07,65103
2018-12-14,200.28,201.07,196.69,197.89,81631
2018-12-17,196.29,199.08,189.82,189.82,86099
2018-12-18,189.91,201.87,185.53,201.07,124660
2018-12-19,202.27,206.65,201.67,205.06,55024
2018-12-20,201.27,201.47,195.99,198.38,108634
2018-12-21,196.79,198.28,186.73,192.7,193655
2018-12-27,195.69,195.79,188.82,189.42,54070
2018-12-28,190.41,193.2,189.32,192.61,44279
2019-01-02,192.7,195.69,189.32,195.3,37657
2019-01-03,194.3,194.3,182.94,185.33,134334
2019-01-04,186.13,187.62,180.45,181.84,127364
2019-01-07,183.34,185.83,183.14,185.73,119045
2019-01-08,185.73,186.43,183.04,184.83,84420
2019-01-09,184.83,185.63,183.54,184.93,135164
2019-01-10,184.34,185.33,181.15,185.33,86104
2019-01-11,185.23,191.21,184.73,188.02,111794
2019-01-14,187.03,187.52,183.04,185.43,53723
2019-01-15,186.53,187.72,183.54,186.53,134599
2019-01-16,184.93,185.73,183.44,185.33,168854
2019-01-17,185.33,187.12,184.53,184.93,140548
2019-01-18,185.43,186.23,183.94,185.23,71943
2019-01-21,185.33,185.53,183.24,185.23,72963
2019-01-22,184.43,186.33,184.34,185.33,69900
2019-01-23,184.34,184.34,181.64,181.84,127623
2019-01-24,183.84,184.93,181.15,181.74,154441
2019-01-25,184.34,185.33,182.84,185.33,93131
2019-01-28,185.43,186.03,182.44,185.33,144282
2019-01-29,184.53,185.33,182.34,182.54,67986
2019-01-30,182.54,182.84,174.77,174.87,116533
2019-01-31,177.16,180.35,175.87,178.16,222596
2019-02-01,178.16,178.66,175.97,178.16,43082
2019-02-04,176.86,180.55,176.86,178.36,108562
2019-02-05,179.35,179.85,176.96,179.35,76616
2019-02-06,180.35,180.55,177.66,179.05,86230
2019-02-07,179.75,180.25,178.46,179.35,108342
2019-02-08,178.36,180.55,175.37,179.35,114765
2019-02-11,177.66,179.25,175.57,176.36,103602
2019-02-12,177.86,177.96,176.36,177.06,45100
2019-02-13,178.26,178.76,174.77,175.87,54571
2019-02-14,177.06,177.96,172.48,175.07,53923
2019-02-15,175.37,175.37,170.39,172.88,100710
2019-02-18,173.67,174.47,171.38,172.78,90391
2019-02-19,173.67,174.07,171.58,173.18,73905
2019-02-20,173.18,179.65,172.58,178.36,275612
2019-02-21,179.15,186.23,176.86,182.34,193123
2019-02-22,182.34,182.84,179.95,179.95,90149
2019-02-25,182.34,185.83,180.55,184.93,154966
2019-02-26,185.83,187.32,182.74,184.14,133288
2019-02-27,184.34,184.34,179.35,180.35,96007
2019-02-28,179.35,185.43,179.35,182.84,141555
2019-03-01,182.54,186.93,181.05,185.33,109662
2019-03-04,187.32,192.31,186.43,187.32,110680
2019-03-05,188.72,189.22,185.33,187.22,87639
2019-03-06,188.32,188.32,186.93,187.32,62232
2019-03-07,187.32,191.31,187.32,189.91,84611
2019-03-08,188.72,191.31,187.52,190.31,44427
2019-03-11,191.31,192.31,190.31,191.81,91084
2019-03-12,192.31,192.7,188.82,191.11,75521
2019-03-13,191.81,192.51,190.91,191.61,38303
2019-03-14,188.12,190.11,179.35,189.02,86009
2019-03-15,189.32,202.47,188.52,202.47,400123
2019-03-18,202.47,213.83,202.47,212.63,238993
2019-03-19,213.63,214.83,211.24,213.23,68783
2019-03-20,211.64,213.03,208.85,211.84,93396
2019-03-21,211.44,214.43,209.05,212.23,92247
2019-03-22,212.23,212.23,207.25,208.25,91639
2019-03-25,207.65,211.24,207.25,209.25,124244
2019-03-26,208.25,209.44,205.66,209.25,97420
2019-03-27,209.84,211.64,207.85,210.24,96826
2019-03-28,208.85,212.83,208.25,212.83,114068
2019-03-29,215.82,215.82,211.44,214.43,159830
2019-04-01,215.62,217.61,214.43,216.22,85433
2019-04-02,224.19,247.11,223.39,247.11,495479
2019-04-03,249.1,257.87,235.15,237.54,362917
2019-04-04,238.14,239.14,228.18,228.97,136423
2019-04-05,231.37,234.16,226.18,226.18,105785
2019-04-08,226.18,236.35,226.18,233.36,101784
2019-04-09,235.15,236.55,230.57,231.17,65422
2019-04-10,230.17,234.95,230.17,234.55,73268
2019-04-11,235.95,243.92,235.15,237.74,99170
2019-04-12,237.14,241.93,231.56,234.55,70922
2019-04-15,234.95,236.15,228.38,229.57,47698
2019-04-16,229.57,234.75,224.39,226.18,89767
2019-04-17,227.38,235.55,227.38,232.96,58307
2019-04-18,232.96,235.15,227.98,232.16,45555
2019-04-23,234.16,237.94,227.38,229.17,39581
2019-04-24,228.58,229.17,220.4,222.2,97143
2019-04-25,219.61,230.97,219.61,229.37,162169
2019-04-26,230.17,233.16,227.58,230.17,63557
2019-04-29,213.43,216.22,199.48,205.66,367829
2019-04-30,206.46,210.04,205.06,206.65,140867
2019-05-02,206.65,207.65,203.67,203.67,44572
2019-05-06,202.07,204.66,190.91,193.3,199378
2019-05-07,194.3,196.19,185.33,185.53,118861
2019-05-08,187.32,191.81,187.32,189.32,129595
2019-05-09,190.11,191.11,184.34,186.33,123620
2019-05-10,189.32,191.01,185.13,186.83,57138
2019-05-13,187.92,187.92,178.26,181.94,105446
2019-05-14,181.84,184.53,178.16,178.16,111757
2019-05-15,179.45,183.14,175.87,178.16,105209
2019-05-16,177.36,181.45,163.11,164.81,245519
2019-05-17,165.2,166.2,157.03,165.2,152372
2019-05-20,164.41,168.39,156.54,159.13,113312
2019-05-21,160.62,162.41,157.83,160.42,93176
2019-05-22,160.02,167.79,159.42,165.2,123391
2019-05-23,166.4,167.2,159.92,161.12,101858
2019-05-24,161.42,163.11,155.24,158.73,119259
2019-05-27,158.73,159.03,151.55,151.95,111421
2019-05-28,152.75,154.24,147.57,147.57,322326
2019-05-29,147.57,150.46,146.07,147.97,133159
2019-05-30,149.56,158.73,149.56,157.13,243388
2019-05-31,156.04,158.33,153.55,156.14,189074
2019-06-03,156.44,156.93,152.35,153.35,96063
2019-06-04,151.65,152.25,146.27,148.46,374123
2019-06-05,150.16,154.34,147.47,153.25,128472
2019-06-06,153.25,156.63,149.56,149.96,95680
2019-06-07,151.45,152.85,150.06,151.95,58051
2019-06-10,151.45,154.74,151.15,152.75,60357
2019-06-11,153.15,154.34,150.56,150.56,65291
2019-06-12,151.15,152.25,147.07,148.66,101724
2019-06-13,149.76,154.74,147.57,153.45,117093
2019-06-14,154.44,156.63,150.66,150.86,123936
2019-06-17,151.95,152.45,150.96,151.35,49219
2019-06-18,151.75,154.44,149.66,153.75,113511
2019-06-19,154.14,159.03,151.75,158.43,113149
2019-06-21,159.33,164.31,158.93,161.62,304385
2019-06-24,161.92,166.3,161.92,163.91,93876
2019-06-25,164.41,164.91,158.53,160.82,96781
2019-06-26,161.32,167.6,158.73,167.6,174267
2019-06-27,167.6,173.87,166.1,167.1,114181
2019-06-28,167.4,170.48,164.11,167.99,65664
2019-07-01,170.39,174.87,170.29,174.37,146695
2019-07-02,178.76,178.85,161.52,165.8,333921
2019-07-03,165.9,165.9,160.12,161.82,164963
2019-07-04,161.82,165.8,160.62,165.1,127919
2019-07-05,165.5,165.5,161.72,162.21,57435
2019-07-08,163.01,163.61,153.45,154.44,199254
2019-07-09,153.35,153.35,146.67,150.46,305920
2019-07-10,150.66,157.93,149.76,153.15,153501
2019-07-11,155.84,155.94,150.46,151.65,81613
2019-07-12,152.15,153.45,151.75,152.95,37496
2019-07-15,153.45,154.24,151.95,153.45,70144
2019-07-16,154.44,155.44,152.85,153.35,50538
2019-07-17,153.85,155.74,149.66,151.45,54306
2019-07-18,151.15,152.75,148.17,150.66,73789
2019-07-19,151.95,154.94,150.46,154.04,67309
2019-07-22,154.74,156.93,152.05,155.14,45636
2019-07-23,156.73,157.43,153.55,153.65,39307
2019-07-24,154.44,156.63,153.85,156.44,228697
2019-07-25,156.44,158.23,154.04,155.64,60895
2019-07-26,154.64,155.24,153.55,154.44,52471
2019-07-29,154.44,154.44,149.46,149.76,70821
2019-07-30,149.76,151.25,146.47,146.87,104637
2019-07-31,147.47,151.25,146.07,149.46,149466
2019-08-01,149.76,149.76,143.08,144.28,140063
2019-08-02,144.48,144.48,130.53,136.61,189688
2019-08-05,136.21,137.3,130.03,130.23,147989
2019-08-06,129.53,133.52,126.05,127.54,152905
2019-08-07,128.14,132.52,127.84,131.53,155427
2019-08-08,133.52,137.5,131.23,132.32,90825
2019-08-09,132.52,133.42,128.04,130.53,54247
2019-08-12,131.53,131.53,123.95,130.43,97922
2019-08-13,128.54,137.4,127.54,135.51,93404
2019-08-14,135.01,135.41,128.24,129.33,94659
2019-08-16,129.13,129.93,122.86,124.15,110032
2019-08-19,125.25,128.14,124.25,127.44,71595
2019-08-20,139.5,146.97,131.53,132.52,636845
2019-08-21,132.52,135.51,130.73,131.63,116402
2019-08-22,131.72,133.22,128.64,130.23,94473
2019-08-23,130.53,132.62,126.74,129.43,63675
2019-08-26,127.74,128.64,126.54,127.54,58440
2019-08-27,128.64,129.03,123.35,126.24,178812
2019-08-28,126.24,127.84,121.66,122.76,106427
2019-08-29,122.56,124.65,121.16,121.56,99134
2019-08-30,121.66,125.55,121.66,122.86,227751
2019-09-02,124.35,126.34,122.86,124.15,110867
2019-09-03,124.55,127.94,120.96,126.05,152702
2019-09-04,122.76,134.51,122.36,131.43,371090
2019-09-05,131.92,135.41,131.63,132.02,151154
2019-09-06,133.32,139,131.72,137.01,164295
2019-09-09,138.4,144.28,137.7,143.48,139051
2019-09-10,144.48,144.78,141.09,143.38,73545
2019-09-11,143.28,144.38,142.69,143.48,155411
2019-09-12,143.78,143.98,138.2,141.19,142450
2019-09-13,140.49,141.79,137.01,138.6,133987
2019-09-16,137.6,138.6,128.2,132.7,344318
2019-09-17,132,132.8,130.6,131.4,170472
2019-09-18,131,135.2,129.8,130.2,292006
2019-09-19,130.2,131.2,126.5,127.5,160659
2019-09-20,128.1,129.2,126,126.2,246702
2019-09-23,127,128.7,122.2,123.2,178545
2019-09-24,124.3,127.7,123.9,125.9,184778
2019-09-25,126,130.1,123.3,130,482183
2019-09-26,131,136.4,130,136.4,149279
2019-09-27,136.8,140.7,135.5,139.1,141788
2019-09-30,142.3,144,136.3,138.3,216944
2019-10-01,138.4,141.1,131.6,132.5,252597
2019-10-02,132.5,133.7,127.5,128.9,299257
2019-10-03,128.1,129.3,124,126.3,127413
2019-10-04,127,129.5,126.5,127.7,157532
2019-10-07,129.3,129.3,125.2,127.2,99123
2019-10-08,127.3,128.8,125.8,128,95149
2019-10-09,128,128.5,126.4,126.6,99765
2019-10-10,127,128.5,127,128,45342
2019-10-11,128.6,128.9,126.6,128,121108
2019-10-14,128,132.3,127.7,129.1,117614
2019-10-15,130,131.2,127.1,128.3,66672
2019-10-16,128,134.3,127.9,133,87271
2019-10-17,132.9,134.8,131.6,132,105206
2019-10-18,132,132.1,128.5,129,84043
2019-10-21,129.4,130.9,125.1,125.2,135160
2019-10-22,126.4,126.8,123.3,125.4,165132
2019-10-23,125.5,126.4,123.4,125.5,90183
2019-10-24,126.8,127.1,123.8,124.9,83192
2019-10-25,125.1,126.2,124.3,124.8,26016
2019-10-28,125.8,127.3,125,126.3,88343
2019-10-29,127.4,129,125.3,128.6,136823
2019-10-30,126,128.2,122.2,123,251599
2019-10-31,123.2,123.3,110.9,111.6,563654
2019-11-04,112.7,114.2,111.2,113.5,306600
2019-11-05,114,114.3,111.3,112.2,114612
2019-11-06,112.2,112.9,110.4,111.3,187029
2019-11-07,112.7,113.9,111.6,112.3,81244
2019-11-08,112.5,113,111.6,112,72167
2019-11-12,112,113.5,111.6,112,105172
2019-11-13,112,113.3,111.2,111.9,69881
2019-11-14,112.2,116.4,112,114.5,126123
2019-11-15,114.9,116.7,113.7,116.7,86293
2019-11-18,116.7,117.2,114.8,116,67985
2019-11-19,115.8,116.2,112.5,113,98544
2019-11-20,112.1,114.1,111.1,113.5,76753
2019-11-21,113.5,113.7,111.2,112.5,89790
2019-11-22,113.3,115.5,112.5,112.8,116929
2019-11-25,112.8,114.5,112.5,114.5,40549
2019-11-26,114,114,110.6,110.6,244691
2019-11-27,111.8,113.8,111,112.4,87204
2019-11-28,112.5,112.5,111.5,112.2,30893
2019-11-29,111.5,113.7,111.5,112.4,37425
2019-12-02,113,113.7,106.7,106.7,121457
2019-12-03,106.7,108.4,103.5,104.9,92859
2019-12-04,105.7,108.3,105,108.1,78881
2019-12-05,108.4,111.6,108.4,109.2,83096
2019-12-06,109.8,113.5,107.9,112.9,107252
2019-12-09,112.3,113.4,107.6,107.8,58628
2019-12-10,109,109.4,107.2,108,55808
2019-12-11,107.1,108.8,105.4,106,83916
2019-12-12,106,109.8,105.7,109.3,94851
2019-12-13,110,113.7,108.5,111.9,93580
2019-12-16,111.5,112.8,111,111.5,64650
2019-12-17,112,112,108.1,108.5,137069
2019-12-18,108.4,108.5,105.8,106.4,169362
2019-12-19,106.5,107.9,105.4,107.6,187270
2019-12-20,108,111,106.2,106.6,205033
2019-12-23,107,107.5,106.2,107.4,79856
2019-12-27,108.1,110.7,107.4,109.2,66187
2019-12-30,108.6,110.6,108.2,110,66137
2020-01-02,110,115.9,109.2,115.9,155242
2020-01-03,116,116,112.1,114,92002
2020-01-07,114.9,115.3,113,113.4,100034
2020-01-08,112.6,113.5,110.8,111.4,81951
2020-01-09,104,104,100.2,101.3,819686
2020-01-10,102.4,102.5,97.05,97.05,580466
2020-01-13,98,98.65,93.3,96.45,214045
2020-01-14,96.5,98.05,94.65,96.95,190036
2020-01-15,96.55,98.5,96.45,98.05,115663
2020-01-16,98.45,98.75,96.2,96.95,71646
2020-01-17,97,97.95,95.15,96.95,90215
2020-01-20,97,97.45,95.5,95.5,67608
2020-01-21,95.6,96.7,94.15,95.7,70479
2020-01-22,95.9,96.4,94.2,94.65,75471
2020-01-23,94.55,94.65,91.05,91.75,165556
2020-01-24,91.7,92.6,90.5,91.2,142323
2020-01-27,90.5,90.5,85.6,87.5,188533
2020-01-28,88,89.65,83.35,88,255621
2020-01-29,88,90.45,85.65,89.1,494614
2020-01-30,88.4,100.8,88.4,100,520148
2020-01-31,100,101.5,95.6,96.95,507962
2020-02-03,96.85,97.7,94.1,95.95,170233
2020-02-04,96.1,101.4,96.1,99.05,372356
2020-02-05,99.6,100.9,95.4,97.05,292272
2020-02-06,97.45,98.4,96.35,96.75,208229
2020-02-07,96.8,103.9,96,101.1,479262
2020-02-10,101.3,104.2,99.5,104,326126
2020-02-11,104,107.5,103.3,105.6,251594
2020-02-12,106.2,106.3,101.1,103.1,232430
2020-02-13,103.2,103.6,101.3,102.3,128805
2020-02-14,103,103,99.65,99.7,141801
2020-02-17,100,100.5,96.3,96.5,217331
2020-02-18,96,99.4,95.5,96.65,152831
2020-02-19,97.7,98.45,95.15,96,123764
2020-02-20,96,96.9,91.85,94,163741
2020-02-21,93.95,95.45,91.8,93.05,142058
2020-02-24,91.9,92.45,88.05,88.25,182837
2020-02-25,88,88,81.95,82.15,273462
2020-02-26,81.55,85.45,78.1,83.55,299845
2020-02-27,83.15,83.3,77.55,79,266933
2020-02-28,75,77.4,67.55,71.95,537781
2020-03-02,74.95,76.15,71,71.75,356232
2020-03-03,72.85,78.6,72.8,78.2,311972
2020-03-04,77.6,80.55,76,76.7,195028
2020-03-05,78.5,79.3,73.1,74.4,174558
2020-03-06,72.9,74.55,70,72.3,261544
2020-03-09,68.35,70.3,63,64,310454
2020-03-10,65,66.05,62.15,63,330576
2020-03-11,63.2,63.7,53.15,54.05,318462
2020-03-12,47.4,50,42.66,42.66,300273
2020-03-13,40.5,43.8,36.46,37.98,1477692
2020-03-16,35,35,28.36,29,1626928
2020-03-17,30.98,33.22,26.1,26.6,2272127
2020-03-18,26.84,28.6,24.3,24.98,2855052
2020-03-19,26,29.78,25.4,29.6,2128518
2020-03-20,32.22,38.6,30.5,32.68,3203805
2020-03-23,31.98,33.6,28,29.7,1338313
2020-03-24,32.38,32.6,28,29.06,1447922
2020-03-25,30,30.4,27.54,28.6,931329
2020-03-26,28,29.36,27.42,29.36,735721
2020-03-27,29.2,30,28.6,29.8,459824
2020-03-30,29.5,30.74,28.94,29.78,623112
2020-03-31,30.1,30.46,29.42,29.98,451583
2020-04-01,30.24,31.92,29.9,30.76,948451
2020-04-02,29.98,30.69,28.44,29.13,1230650
2020-04-03,29.09,29.19,28,28.9,639187
2020-04-06,29.7,33.73,29.66,33.19,1617767
2020-04-07,35.4,37.4,33.2,33.2,1850389
2020-04-08,33.5,33.64,31.5,33.28,521253
2020-04-09,34.5,36.57,34.02,35.4,1164977
2020-04-14,40.2,47,38.25,47,1601526
2020-04-15,54,56.8,45,46.56,3813196
2020-04-16,47,48.7,42.3,43.85,1416671
2020-04-17,46.5,48.7,44.6,46.3,1214828
2020-04-20,47,48.19,43.67,46.23,830649
2020-04-21,45.8,45.8,42.5,42.5,789453
2020-04-22,42.25,44.4,39.57,44.29,747048
2020-04-23,45.2,46.73,43.6,45.5,530928
2020-04-24,45,45.73,43.5,43.8,623163
2020-04-27,44,44.79,41,41.8,766179
2020-04-28,41.97,41.97,37.78,38.7,1264558
2020-04-29,38.77,48,38.52,46.5,4376233
2020-04-30,48,55.4,47.85,51.82,4254888
2020-05-04,52.38,52.5,47.5,48.6,1755729
2020-05-05,49.2,49.85,44.62,46.85,1589683
2020-05-06,47,47.37,44.5,44.57,842664
2020-05-07,44.5,45.45,42.43,43.7,759895
2020-05-08,44.2,44.39,41.27,41.65,1023852
2020-05-11,41.86,43.11,40.5,40.66,1055007
2020-05-12,40.42,40.9,39.25,40.2,1166600
2020-05-13,40.15,45.8,39.47,43.42,2218013
2020-05-14,42.9,45.68,40.2,42,1592159
2020-05-15,43.9,44.4,42.58,43.5,864238
2020-05-18,44.02,44.89,43.67,43.85,376692
2020-05-19,44.3,44.58,42.65,43.8,471647
2020-05-20,43.8,44.58,43.06,43.45,377165
2020-05-21,43.6,44.67,43.26,44.18,397764
2020-05-22,43.82,44.4,43.6,43.7,311496
2020-05-25,43.87,44.75,43.65,44.35,259317
2020-05-26,44.8,49,44.8,48.99,1144293
2020-05-27,51,52.54,47.7,48.59,1397538
2020-05-28,49.62,50.98,48.66,50.5,991359
2020-05-29,50.5,50.9,48.41,48.41,3287872
2020-06-01,49.28,49.9,48.3,49.9,497035
2020-06-02,50,56.68,49.7,56.4,2262524
2020-06-03,56.64,63,56.64,61.5,2605035
2020-06-04,65,71.5,62.52,70,2342402
2020-06-05,72.3,77.44,65.12,71.3,3352437
2020-06-08,73,73.5,66.02,69.5,1400395
2020-06-09,69.48,69.48,66.1,67.96,724012
2020-06-10,67.08,69.02,66.2,66.44,569940
2020-06-12,62.04,66,61.02,65.42,815606
2020-06-15,63.64,63.68,59.12,60.7,896741
2020-06-16,62.96,67.98,62.94,67.36,984895
2020-06-17,68.5,70.6,63.74,64,952269
2020-06-18,64.5,66.56,62.1,64.02,508476
2020-06-19,64.12,65.56,63.08,65.56,430319
2020-06-22,65.9,66.9,63.82,65,385564
2020-06-23,66,68,65.04,66,464725
2020-06-24,66,66.84,63.58,63.82,415744
2020-06-25,63.56,63.96,61.3,63.46,336876
2020-06-26,63.98,64.16,60.92,61,294924
2020-06-29,60.6,61.92,59.66,60.62,268275
2020-06-30,61,61.54,58.28,59.68,342427
2020-07-01,59.64,59.66,56.28,59,479459
2020-07-02,62,65.68,62,63.5,790278
2020-07-03,64,64.44,61.38,63,216388
2020-07-06,64,64.8,62.82,63.56,223030
2020-07-07,63.04,63.92,60.5,61.5,371715
2020-07-08,61.5,61.6,59.92,60.52,280225
2020-07-09,60.58,61.9,60.54,61.2,243865
2020-07-10,60.5,60.82,59.64,60.82,189557
2020-07-13,61.26,62.3,61.04,61.88,193944
2020-07-14,61.5,61.6,60.02,60.7,203409
2020-07-15,61.08,61.46,60.32,61.3,193348
2020-07-16,61.22,61.38,60.14,60.3,187051
2020-07-17,60.3,63.3,59.7,63,391245
2020-07-20,62.52,63.56,61.4,63.5,249410
2020-07-21,64.02,66.36,63.8,64.58,495169
2020-07-22,65,65.1,62.94,63.7,156646
2020-07-23,63.7,63.76,62.2,62.64,155031
2020-07-24,61.8,62,60.34,60.8,230489
2020-07-27,60.2,60.84,59.82,60.38,217112
2020-07-28,60,62.32,59.1,61.52,252692
2020-07-29,61.8,62.3,60.32,61.88,147227
2020-07-30,61.18,62,53.2,54.22,553728
2020-07-31,54.38,58.3,54.3,55.46,368410
2020-08-03,56.34,59.18,55.54,58.86,216746
2020-08-04,59.98,60.88,55.5,56.52,264346
2020-08-05,56.76,58.06,55.8,57.88,213120
2020-08-06,57.88,57.88,55.46,56.4,211065
2020-08-07,56.1,56.14,54.7,56,207913
2020-08-10,56,57.88,55.76,57.48,123079
2020-08-11,57.8,61.3,57.6,59.28,354406
2020-08-12,61,61.1,58.8,60.4,146723
2020-08-13,60.44,62.22,59.84,59.84,220311
2020-08-14,59.72,60,57.9,59.24,138616
2020-08-17,59.8,60.68,59.08,60.06,122780
2020-08-18,60,60.4,58.8,59.08,89356
2020-08-19,59,59.62,57.92,58.28,81734
2020-08-20,57.92,59.48,57.22,58.04,86196
2020-08-21,58,58.42,57.04,57.22,127482
2020-08-24,58.06,58.28,57.4,57.8,51034
2020-08-25,58.5,58.62,55.7,55.94,169348
2020-08-26,55.98,56.44,55.16,56.04,109744
2020-08-27,56.06,57.28,55.66,56.76,79683
2020-08-28,56.76,57.66,56.34,56.84,77300
2020-08-31,56.84,57.66,56.5,57.54,142303
2020-09-01,57.5,57.5,54.42,55.08,171988
2020-09-02,55.38,55.54,54.52,54.62,87608
2020-09-03,55,56.26,54.6,55.08,132845
2020-09-04,54.02,54.94,53.7,53.82,158846
2020-09-07,53.82,55.18,53.5,54.84,89254
2020-09-08,55,55.3,50.48,51.26,288096
2020-09-09,50.1,52.74,50,52,188653
2020-09-10,52.2,52.86,51.04,52.2,108031
2020-09-11,52.4,53.86,51.56,52.82,153324
2020-09-14,53.42,54.16,51.8,52.1,148766
2020-09-15,51.88,53.24,51.88,52.36,110003
2020-09-16,52.2,52.5,50.12,50.5,228317
2020-09-17,50.1,50.98,49.11,49.75,177169
2020-09-18,49.75,52,49.75,52,307847
2020-09-21,51.14,51.68,48.9,49.42,193350
2020-09-22,48.55,48.55,45.75,46.71,327649
2020-09-23,46.77,48.65,46.24,47.25,129921
2020-09-24,46.3,46.5,45.12,45.2,258137
2020-09-25,45.22,45.83,43.96,44.04,289349
2020-09-28,44.5,46.1,43.52,45.8,338637
2020-09-29,45.85,46.98,45.3,46.3,151310
2020-09-30,45.5,47.3,45.38,47.2,184073
2020-10-01,46.04,57.96,46.01,55.34,1471748
2020-10-02,55.04,57.4,53.12,56.54,761297
2020-10-05,57.26,58.58,54.76,55,243546
2020-10-06,55.3,56,52.34,52.7,233712
2020-10-07,52.7,53.06,49.31,50.8,358237
2020-10-08,51.3,51.68,46.56,46.8,584907
2020-10-09,46.96,46.97,43.86,45.7,566163
2020-10-12,45.2,46,44.25,45.51,298505
2020-10-13,45,47.52,45,47,259101
2020-10-14,47.48,48.98,46.6,47.8,441237
2020-10-15,47.2,47.42,43.75,44.51,559785
2020-10-16,43.66,45,42.06,44.31,468740
2020-10-19,44.31,45.5,42.16,42.31,291415
2020-10-20,42.3,44.1,41.5,43.21,324434
2020-10-21,44,44,41.7,42.15,214814
2020-10-22,41.5,42,41,41.41,175707
2020-10-23,41.05,41.46,40.23,40.61,311017
2020-10-26,40.5,40.5,38.38,38.38,275015
2020-10-27,38.38,39.89,38.38,39.51,291066
2020-10-28,38.69,39.1,35.97,37.61,552520
2020-10-29,37.16,38,36.1,37.56,422595
2020-10-30,36.3,39.56,36.3,38.75,349241
2020-11-02,39.3,39.7,38,38.8,161966
2020-11-03,38.96,44,38.96,42.86,583146
2020-11-04,42.01,42.66,38.78,41.78,697717
2020-11-05,41.5,44.77,41.35,44.07,341699
2020-11-06,44.5,45.85,42.53,45.4,406829
2020-11-09,44.8,55.6,44.6,54.18,1138245
2020-11-10,53.7,55.5,50.74,53.5,584410
2020-11-12,53.4,54,50.48,51.6,448039
2020-11-13,50.6,53.68,50.5,52.3,256980
2020-11-16,52.9,56.88,52.9,56.6,376573
2020-11-17,56.6,56.8,53.8,54.36,565746
2020-11-18,54.3,57.46,54,57.4,480303
2020-11-19,57.36,57.5,55.56,57.4,163094
2020-11-20,57.4,58.8,56.94,58.72,311874
2020-11-23,61,63.62,59.08,59.4,543790
2020-11-24,60.16,61.52,59.4,60.1,187392
2020-11-25,60.7,62.9,60.04,62.7,284963
2020-11-26,62.72,62.9,61.66,62.9,237324
2020-11-27,62.9,62.9,61.4,62.7,150847
2020-11-30,62.54,62.9,61.24,62.4,224845
2020-12-01,62.8,63.56,62.3,62.6,223674
2020-12-02,62.86,63.56,61.6,63.22,194389
2020-12-03,63.44,65.66,62.84,65.52,277386
2020-12-04,65.66,69.52,65.34,69.1,694955
2020-12-07,69.52,71.8,66.74,71.38,508477
2020-12-08,71.5,72.88,71,72.76,458066
2020-12-09,72.8,78,72.8,78,1047801
2020-12-10,78,78.2,73,74.54,628108
2020-12-11,74.9,76.9,70.46,72,609742
2020-12-14,71.52,73.26,65.18,70.14,553730
2020-12-15,70.14,74.5,69.5,71.86,410247
2020-12-16,72.2,79.42,72.2,79,1172662
2020-12-17,79.66,84.58,74.6,79.4,1395075
2020-12-18,77.2,82.8,74,79.66,701558
2020-12-21,77,78,73.76,75.42,399192
2020-12-22,76.5,80,76.02,80,263252
2020-12-23,80.5,82.2,75,78.02,369982
2020-12-28,79,83.94,78.8,83.94,392129
2020-12-29,85,89.78,85,86.8,441449
2020-12-30,87.5,88.9,86.18,87.52,238285
2021-01-04,88.06,89.2,84.7,85.08,334855
2021-01-05,84.74,87.18,83.5,84,230285
2021-01-07,83.8,87.9,83.5,87.48,258609
2021-01-08,88.2,90.4,85.28,85.9,480322
2021-01-11,86.26,87.8,85.98,87.3,300451
2021-01-12,87,88,80.8,81.58,588755
2021-01-13,81.8,82.88,76.8,77.2,513289
2021-01-14,77.36,82.3,77.3,82.3,342332
2021-01-15,81.9,84,79.44,80.84,333984
2021-01-18,80.9,82.2,77.7,81.4,205561
2021-01-19,82,82.98,79.12,80.22,140129
2021-01-20,80,84.4,79.22,83.14,221682
2021-01-21,83.9,84.78,82.14,82.9,190877
2021-01-22,82.04,85.12,80.84,84.26,150919
2021-01-25,84.5,85.5,80.1,81.5,287375
2021-01-26,81.2,83.7,79.18,81.7,443125
2021-01-27,82,82.38,78.3,79.98,236768
2021-01-28,80,83.8,78.74,82.84,463199
2021-01-29,83,83.4,80.5,82.7,183110
2021-02-01,82.7,87.3,82.36,85.7,361693
2021-02-02,85.6,87.5,81.74,86.56,359749
2021-02-03,86.8,90.3,86.6,88.06,387770
2021-02-04,88.26,94.2,87.3,90.94,451418
2021-02-05,92.1,94.2,90.8,93.4,227225
2021-02-08,93.5,98.98,93.5,98.86,386031
2021-02-09,99,106.45,96.08,101.9,649146
2021-02-10,102,104.5,100.15,101,182910
2021-02-11,101.2,102.6,97.9,101.2,248163
2021-02-12,99.88,100.4,96.82,98.5,215697
2021-02-15,98.86,101.7,98.66,99.9,149795
2021-02-16,101,105.95,100.25,104.95,406722
2021-02-17,105.45,110.7,102.6,104.25,550655
2021-02-18,104,106.9,100.55,101,247644
2021-02-19,101.5,103,98.24,102.2,262173
2021-02-22,101.55,101.55,96,97.04,294274
2021-02-23,97,98.98,93.1,95.82,349479
2021-02-24,95.92,99.5,95.02,97,181028
2021-02-25,98.02,99.9,95.26,96.5,210593
2021-02-26,94.5,95.94,92.4,95.08,210950
2021-03-01,96.7,98,95.12,97.88,111500
2021-03-02,97.88,98,96,96,116146
2021-03-03,96,96.78,93.18,93.94,184933
2021-03-04,93,95.1,90.9,94.98,196480
2021-03-05,94.86,94.98,92.52,94.62,133852
2021-03-08,94.36,98.66,93.46,97.86,186501
2021-03-09,98,99.8,96.68,98.84,170963
2021-03-10,99.3,101.9,97.36,97.52,209607
2021-03-11,97.1,98.2,94.7,97.56,186021
2021-03-12,99.6,101.2,94.4,95.3,884446
2021-03-15,95.3,96,94.12,94.6,293605
2021-03-16,94.88,96.9,93.88,95.3,130994
2021-03-17,95,95.54,89.1,90.8,504091
2021-03-18,90.86,94,90.12,92.9,133593
2021-03-19,91.6,92.88,90.6,91,184903
2021-03-22,90.5,93.26,90.06,92.76,81575
2021-03-23,93.22,93.98,90.6,93.62,84393
2021-03-24,92.18,92.7,89.1,89.28,183791
2021-03-25,89.28,90.5,86,86,237705
2021-03-26,86.5,93.44,86.5,93.44,158795
2021-03-29,94,96.2,91.34,91.98,137730
2021-03-30,92.28,94.7,91.7,92.86,94669
2021-03-31,92.9,94,91,91.34,94641
2021-04-01,94,95.7,92.52,95,147915
2021-04-06,95.1,101.2,95.1,100.85,265556
2021-04-07,100.9,101.2,97.8,99.3,146876
2021-04-08,99.98,101.2,98.02,99.76,114562
2021-04-09,100,102,99.3,101.95,154722
2021-04-12,102,103.85,100.85,102.4,169892
2021-04-13,102.9,104.6,102.15,102.45,120686
2021-04-14,102.55,104.4,102.2,103.3,145352
2021-04-15,103.6,104.5,102.15,102.8,142569
2021-04-16,102.8,104.25,102.45,103,73217
2021-04-19,103,104.4,102.65,103.15,188511
2021-04-20,102.95,103.9,100.7,102.5,203503
2021-04-21,102.5,102.55,98.5,98.8,143637
2021-04-22,99.5,103.75,99.5,100,101677
2021-04-23,100,100,97.14,98.94,108417
2021-04-26,100.5,101.15,99.52,100.9,64910
2021-04-27,101.3,101.85,99.28,100.05,52412
2021-04-28,100.9,103.6,99.9,101.9,217838
2021-04-29,102.65,103.95,102.2,102.7,121435
2021-04-30,103.25,103.45,101.4,102.65,73450
2021-05-04,102.5,103.4,100,101.35,150276
2021-05-05,103.4,115.75,103,114.8,811593
2021-05-06,114.55,119,111,111.8,416741
2021-05-07,113.95,115.8,112.1,115,177997
2021-05-10,116,126.6,116,123.85,483458
2021-05-11,123.5,125.2,120.6,122.6,244060
2021-05-12,122.6,124.9,118.45,120.95,290375
2021-05-13,121,123.45,117.25,122.5,167293
2021-05-14,123.4,125,121.5,124.05,225860
2021-05-17,125,128.3,122.8,123.8,291204
2021-05-18,124,126.1,119.8,121.2,166843
2021-05-19,119,122.2,111.2,121.35,232527
2021-05-20,121.4,121.9,119.15,120,146503
2021-05-21,119.95,122.1,118,120.25,169718
2021-05-24,120.55,120.55,118.2,118.75,59187
2021-05-25,119.2,119.45,116.55,117.7,119171
2021-05-26,117.5,120.2,116.4,117.85,91839
2021-05-27,117.5,120.4,117,119.65,159399
2021-05-28,120.25,121,119,120,98781
2021-05-31,121,121.85,119.45,120.8,55870
2021-06-01,118.9,124.25,118.5,118.8,123534
2021-06-02,119.25,119.9,117.5,117.65,92978
2021-06-04,118.1,119.2,116.1,116.55,124672
2021-06-07,116.5,119.8,115.2,115.6,120826
2021-06-08,116.1,118.6,113.2,118,207810
2021-06-09,118.1,119.8,116.3,118.3,126893
2021-06-10,118,118.15,114.7,114.85,132233
2021-06-11,115,115.8,112.55,112.8,141017
2021-06-14,112.8,114.3,111.85,113,150329
2021-06-15,114,114.4,106.05,106.8,310800
2021-06-16,106.8,111,105.65,110.2,171990
2021-06-17,110.25,110.25,106.1,108.7,165991
2021-06-18,108.95,115.3,108.2,113.05,318642
2021-06-21,112.95,116,110.3,114.65,152404
2021-06-22,115.1,116.5,111.9,113.5,174308
2021-06-23,113.95,115,112.8,113.6,132430
2021-06-24,113.65,116.2,113.15,116.2,99929
2021-06-25,116,116.7,114.75,114.75,119895
2021-06-28,115.45,115.45,112.6,113.7,70025
2021-06-29,114.1,115.2,112.75,113.1,138949
2021-06-30,113.65,115,111.55,112.35,160664
2021-07-01,113.8,119.4,112.3,119,280211
2021-07-02,119,120.1,117.2,119.2,120688
2021-07-05,120.5,121.5,118.2,119,101207
2021-07-06,118,118.85,116.2,116.6,97120
2021-07-07,117.65,121.5,116.75,121.4,200979
2021-07-08,121.2,121.3,117.9,118.05,84720
2021-07-09,119.35,119.5,117.2,119.5,70094
2021-07-12,119.2,120.8,118.2,120.8,128792
2021-07-13,120.95,124.2,120.2,124.1,320055
2021-07-14,124.2,130,123.8,128.6,410234
2021-07-15,128.1,128.1,125.3,126.1,132051
2021-07-16,126.15,126.75,124.7,125.65,136206
2021-07-19,125.15,125.15,119.25,120.65,199955
2021-07-20,120.65,122.25,119.95,120.55,168266
2021-07-21,120.6,125.8,120.6,125.05,101787
2021-07-22,124.65,125.95,124.6,125.6,77874
2021-07-23,125.8,125.9,124.6,124.9,80048
2021-07-26,125,125.9,124.6,125.1,121878
2021-07-27,125.3,125.35,121.8,122.2,213555
2021-07-28,121.8,124.5,121.8,123,92824
2021-07-29,123,123.6,120.15,122.45,106597
2021-07-30,121.8,122.4,119.45,121.55,104344
2021-08-02,122.4,124.5,122.3,123.55,122273
2021-08-03,125,126.1,119.5,119.65,291711
2021-08-04,120.4,124.8,120.05,122.35,114707
2021-08-05,122.55,124.9,120.2,124.9,124648
2021-08-06,124.65,125.2,123.2,124.6,94144
2021-08-09,124.95,125.2,123.3,124,73599
2021-08-10,124.8,125.6,123.35,125.15,67701
2021-08-11,125,125.25,121.6,122.45,63525
2021-08-12,122.55,123.7,120.35,123.7,118079
2021-08-13,123.65,124.4,123.35,124,39366
2021-08-16,123.5,123.75,121.15,121.9,57669
2021-08-17,121,121,115.35,118.6,262403
2021-08-18,118.6,119.85,117.15,118.25,63708
2021-08-19,118.25,118.35,113.75,116.35,187204
2021-08-20,116.9,117.55,112.9,114.65,160441
2021-08-23,116,118.85,116,118.8,63781
2021-08-24,118.8,118.8,115.3,116.1,85116
2021-08-25,116.1,123,116,123,177295
2021-08-26,122.5,123,119.5,122.6,71572
2021-08-27,123,123.05,119.85,121.5,57574
2021-08-30,121.5,122.95,120.3,122.95,98688
2021-08-31,122.7,122.95,119.05,122.45,228469
2021-09-01,122.05,122.5,119.9,120,110913
2021-09-02,119.8,124.2,119.6,124,218393
2021-09-03,123.9,123.9,119.85,120.2,101778
2021-09-06,120.95,121.6,119.5,120,91914
2021-09-07,120,121.35,118.6,119.3,83562
2021-09-08,119,119,116.3,116.55,129339
2021-09-09,116,117.5,114.25,115.5,118783
2021-09-10,116.8,120.6,116.8,119,116145
2021-09-13,119,119.35,116.85,118.6,111335
2021-09-14,118.7,120,116.8,119,91094
2021-09-15,118.9,120.1,118,119.8,65497
2021-09-16,119.55,120,118.9,119.55,129965
2021-09-17,119.35,119.9,118.4,119.3,141468
2021-09-20,118.55,118.6,115,115.2,200052
2021-09-21,115,117.75,115,116.95,126678
2021-09-22,118.4,118.85,115.9,117.5,54763
2021-09-23,117.5,122.35,117.5,121.15,213329
2021-09-24,121,122.25,119.1,122.25,103633
2021-09-27,121.55,121.55,117.1,117.9,86920
2021-09-28,117.5,118.7,116.55,118,82325
2021-09-29,117.8,119,116.75,119,63670
2021-09-30,119,121.35,118.25,120.9,111698
2021-10-01,119.5,123.3,118.2,122,259917
2021-10-04,122.5,123.8,120.9,123.3,124106
2021-10-05,123.6,125.6,123,124.5,265908
2021-10-06,124.95,128.5,116.7,118,968139
2021-10-07,119.3,120.45,116.65,118.6,153627
2021-10-08,119.5,122.7,119,121.15,177489
2021-10-11,121.7,121.7,119.3,120.5,133577
2021-10-12,119.75,122.2,119.55,120.2,170692
2021-10-13,121,122.1,119.85,120,124456
2021-10-14,121.85,124.55,120.95,123.85,268988
2021-10-15,123.75,124.4,123.25,123.65,97733
2021-10-18,124,127.85,123.95,125.1,180911
2021-10-19,125.35,126.45,124.4,126.4,73411
2021-10-20,125.4,126.7,122.45,122.45,110429
2021-10-21,122.2,123.75,120.7,123.45,152551
2021-10-22,123.5,125.2,122.8,124.5,97846
2021-10-25,124.5,125,121.7,123.45,71614
2021-10-26,123.5,124.95,123.3,124.85,67314
2021-10-27,123.9,124.3,120.4,121.45,147009
2021-10-28,121,122.7,120.55,122.7,58537
2021-10-29,122.7,122.8,120.25,120.5,71709
2021-11-02,121.45,123,120.35,120.5,73602
2021-11-03,121,122.3,118.8,119.15,125302
2021-11-04,119.2,122.75,118.6,121.7,79783
2021-11-05,122.4,123.5,121.7,122.55,110017
2021-11-08,123.05,123.3,119.75,120.1,74573
2021-11-09,120.25,122.55,120.25,121.45,68402
2021-11-10,121,121.8,117.5,118.3,117230
2021-11-12,119,119.2,115.4,118.4,91400
2021-11-15,117.95,119.2,116.7,116.7,71360
2021-11-16,116.5,117.5,115.05,116,106819
2021-11-17,117.15,117.15,109.3,111.95,145488
2021-11-18,111,112.95,109.85,111.4,103064
2021-11-19,111.5,111.5,103.1,105.2,290850
2021-11-22,105.3,107.5,103.9,104.5,212674
2021-11-23,104.45,104.9,101.05,101.5,176512
2021-11-24,101.95,105.7,100.5,105,238785
2021-11-25,105,107.35,99.42,106.05,285456
2021-11-26,102.95,102.95,98,98.02,284156
2021-11-29,98.94,99.68,92.08,98.7,319136
2021-11-30,97.5,102.9,94.64,102.65,197037
2021-12-01,104.2,107.2,102.85,103.7,180640
2021-12-02,103.6,107.2,102,106.9,140127
2021-12-03,107.1,108.7,104.05,105,92985
2021-12-06,105.2,105.9,102.25,103.4,69738
2021-12-07,103.95,105.7,103.6,104.5,92486
2021-12-08,104.5,105.8,102.2,104.15,77425
2021-12-09,104.15,108.5,103.2,104.3,146714
2021-12-10,104.55,107.6,103.55,104.1,111555
2021-12-13,104.7,106.5,102.3,102.5,99560
2021-12-14,103.5,105.5,102.5,103.5,61080
2021-12-15,103.95,103.95,100.15,101.55,159740
2021-12-16,103.5,105.3,101.35,103.5,91942
2021-12-17,103.55,103.55,100.35,101.2,199895
2021-12-20,99.9,100.85,96,99.32,79056
2021-12-21,100.65,102.1,99.54,101,71594
2021-12-22,101.5,102.7,100.75,101.75,48300
2021-12-23,102.35,106,102.2,103.4,110536
2021-12-27,103.85,104.3,101.25,102.5,68299
2021-12-28,102.35,105.5,102,105.25,93798
2021-12-29,105.5,105.9,104.2,105,49710
2021-12-30,104.65,105.75,103.6,105.5,87949
2022-01-03,105.3,106.5,103.6,104.9,52929
2022-01-04,105,105,102,103,84590
2022-01-05,102.7,102.9,100.3,101.65,154239
2022-01-07,101.5,102.8,99.34,101.5,86404
2022-01-10,102.5,102.5,99.1,99.9,86573
2022-01-11,101.1,101.1,98.56,99.88,54793
2022-01-12,100.95,102.45,99.4,101.75,85499
2022-01-13,102.4,103.6,100.8,101.6,90922
2022-01-14,101.5,102.8,99.9,101.05,79369
2022-01-17,100.1,101.05,99.5,99.9,51868
2022-01-18,99.9,100.9,98.22,98.98,75516
2022-01-19,98.2,98.24,92.78,92.78,249681
2022-01-20,92.78,94.26,84.56,84.88,714440
2022-01-21,83,83.04,79.3,81.1,767719
2022-01-24,80.54,81.44,72.56,74.68,538068
2022-01-25,75.1,80.1,75,78.48,424555
2022-01-26,79.9,82.46,78.66,78.9,320647
2022-01-27,78,80.5,75.5,78,154030
2022-01-28,78,78.4,74.64,76.34,272249
2022-01-31,78.42,80.3,76.6,76.8,209126
2022-02-01,77.02,78.5,75.26,76,195805
2022-02-02,77,79.32,73.7,73.7,630304
2022-02-03,73.42,74,67.74,68,801972
2022-02-04,68.2,69.98,65.1,65.44,856507
2022-02-07,66,66.5,59.04,61.4,1240138
2022-02-08,61.5,64.24,60.54,62.34,465103
2022-02-09,63.2,67.76,62.22,65.26,736001
2022-02-10,66.52,67,62.86,63.86,379134
2022-02-11,63.66,63.8,60.72,61.6,318679
2022-02-14,59.22,60,57.64,58.5,456518
2022-02-15,58.3,62.38,58.3,61.82,301004
2022-02-16,63.44,63.68,60.5,60.9,297457
2022-02-17,61.52,61.52,58.52,58.84,227289
2022-02-18,58.7,59.8,57.98,59.06,221094
2022-02-21,59.6,59.8,54.8,56,462471
2022-02-22,54,58,52.7,57.1,370559
2022-02-23,57.8,58.58,54.2,54.38,278353
2022-02-24,49.74,50.5,45,45.71,730427
2022-02-25,46.7,53.48,46.7,52.52,587169
2022-02-28,51.9,54.62,49.52,53.6,451606
2022-03-01,54.22,57.9,53.7,55.84,474619
2022-03-02,56,56.32,52.16,54.06,344559
2022-03-03,53,53.96,51.12,52.7,407234
2022-03-04,53.76,53.76,49.76,51.3,404350
2022-03-07,50,52.24,47,50.9,382795
2022-03-08,50.9,51.9,49.5,50.22,313383
2022-03-09,52,54.7,50.74,54.4,311011
2022-03-10,56.5,58.2,54.82,56.32,423617
2022-03-11,56.5,63.52,56.4,62.9,790954
2022-03-14,62.8,64.8,59.06,59.36,725440
2022-03-15,59.3,60.76,56.6,57.5,579787
2022-03-16,58.6,59.2,55.26,56,966711
2022-03-17,57.98,60.68,56.2,60.66,883255
2022-03-18,61.04,61.8,58.7,58.7,765330
2022-03-21,60.3,62.18,58.72,59.74,425248
2022-03-22,60,60.8,59.26,59.78,217988
2022-03-23,60.02,61.6,60.02,61,375153
2022-03-24,61.3,61.8,59.54,60.7,232168
2022-03-25,61,61.56,59.46,59.66,298071
2022-03-28,60.3,62.5,60.3,61,472610
2022-03-29,61.8,62.18,59.72,61.6,995248
2022-03-30,61.6,63,60.66,61.6,424878
2022-03-31,62,62,59.5,59.5,400060
2022-04-01,59.84,60.34,58.74,59,261627
2022-04-04,59.6,60.5,58.82,59.6,218487
2022-04-05,60.4,60.4,58,58.04,237713
2022-04-06,58.4,58.94,55.2,56.1,359079
2022-04-07,56.5,56.56,53.7,53.96,269593
2022-04-08,54.76,54.76,52.8,54,213525
2022-04-11,54,54.58,52.5,54.34,165931
2022-04-12,54.34,54.34,52.72,52.8,303277
2022-04-13,52.8,53.26,51.1,51.38,398728
2022-04-14,51.66,53.74,51.02,53.2,300866
2022-04-19,52.8,52.98,50.56,52.56,307492
2022-04-20,53,54.88,51.54,51.72,419317
2022-04-21,51.5,58.08,50.6,55.08,481075
2022-04-22,56,56.5,53,53.02,252881
2022-04-25,52.54,54.4,51.52,52.6,268020
2022-04-26,53.04,53.48,50.36,50.7,193424
2022-04-27,50.36,51.5,48.2,50.6,305037
2022-04-28,51.98,54.22,51.4,53.98,237466
2022-04-29,54.8,55,51.68,52.26,209854
2022-05-02,51.68,51.68,49.16,50.58,162580
2022-05-04,50.8,52,50.2,51.54,155445
2022-05-05,52.7,53.5,48.6,48.71,385100
2022-05-06,48.7,48.71,45.08,46.31,528785
2022-05-09,46,46.7,44.76,45.31,272800
2022-05-10,46,46.4,42.37,43.62,551778
2022-05-11,43.75,45.7,43.61,45,415210
2022-05-12,43.8,44,41.66,43.01,529462
2022-05-13,44,48,44,47.59,409534
2022-05-16,48,48.8,46.06,46.24,391949
2022-05-17,47.41,49.19,46.41,48.15,865217
2022-05-18,49,49.5,47.5,47.68,388092
2022-05-19,46.06,46.98,44.67,45.1,386083
2022-05-20,45.5,46.47,45.46,45.61,186871
2022-05-23,46.48,47.81,46.24,46.9,203464
2022-05-24,46.7,47.43,45.5,45.68,236149
2022-05-25,46.08,46.97,45.42,46.8,106899
2022-05-26,46,47.7,45.85,47,148922
2022-05-27,47.4,48.98,46.56,48.89,331860
2022-05-30,49.28,52.6,49.28,51.6,328069
2022-05-31,51.6,52.9,50.66,52.2,229933
2022-06-01,52.5,54.4,51.28,52.6,213210
2022-06-02,52.9,52.9,50.5,51.28,235329
2022-06-03,51.82,53.1,50.6,50.74,192573
2022-06-06,51,52.06,50.82,51.4,150972
2022-06-07,51,51.26,50.2,51.2,107742
2022-06-08,51.4,51.8,47.75,48.11,307099
2022-06-09,48,49.26,46.1,47.76,171491
2022-06-10,47.3,48.39,46.2,47.12,150331
2022-06-13,45.6,46.36,44.5,45.05,206221
2022-06-14,45.52,46.48,42.65,43.1,348597
2022-06-15,43.52,43.91,42.21,43.29,242435
2022-06-17,42.2,44.85,41.79,43.53,611001
2022-06-20,44.5,44.59,43.7,44.33,113492
2022-06-21,45,45.87,44.22,45.29,116927
2022-06-22,44.8,44.8,42.92,43.51,208528
2022-06-23,43.3,43.91,42.1,42.3,192716
2022-06-24,42.9,44.2,42.32,43.4,168768
2022-06-27,44.78,44.85,44,44.75,193299
2022-06-28,44.97,47.37,44.31,46,422343
2022-06-29,45.29,47.24,44.6,46.59,228314
2022-06-30,45.6,46.15,45.2,46,197376
2022-07-01,46,47.8,45.57,46.31,182603
2022-07-04,47.2,47.22,42.8,43.32,306469
2022-07-05,44,44.39,42.25,44,212770
2022-07-06,44.1,48.51,43.53,46.41,357043
2022-07-07,47.35,48.8,46.49,48.31,443194
2022-07-08,48.7,50,48.05,49.98,284047
2022-07-11,49.5,51.1,48.67,49.54,321975
2022-07-12,48.77,49.05,46.13,46.16,311760
2022-07-13,46.37,46.72,44,44.3,244969
2022-07-14,44.55,45.39,43.35,43.8,167069
2022-07-15,43.91,45.43,43.73,45,135191
2022-07-18,45.9,47.1,45.53,46.7,120422
2022-07-19,46,46.85,45.23,46.85,138054
2022-07-20,47.31,48.03,46.85,47.99,164788
2022-07-21,47.9,48.42,44.85,45.12,263214
2022-07-22,45.5,46.37,45.21,46.1,152955
2022-07-25,46.1,46.1,44.02,44.02,137923
2022-07-26,44.1,44.47,42.06,42.31,262391
2022-07-27,42.5,42.6,40.8,41.3,280920
2022-07-28,41.88,43.23,41.56,42.13,194671
2022-07-29,42.4,43.58,42.3,43.4,188725
2022-08-01,43.53,44.19,43.07,44,146794
2022-08-02,43.95,43.95,41.59,41.71,504095
2022-08-03,41.75,42.18,41.51,41.74,230375
2022-08-04,41.74,42.7,41.02,41.4,262794
2022-08-05,41.3,42.25,40.42,41,192475
2022-08-08,41.44,41.98,41,41.73,170981
2022-08-09,41.89,42.56,40.85,41.04,163278
2022-08-10,41.1,42.34,40.5,42,184181
2022-08-11,42.1,43.6,41.86,43.5,255981
2022-08-12,43.5,44.22,42.8,43.97,272977
2022-08-16,44.03,45.6,43.15,43.6,264886
2022-08-17,43.61,44.1,42.15,42.29,187130
2022-08-18,42.82,42.82,41.51,42.45,186238
2022-08-19,42,42.52,41.5,41.8,137010
2022-08-22,41.49,41.99,40.2,40.45,165938
2022-08-23,40.2,40.68,40.01,40.35,123596
2022-08-24,40.4,40.69,39.33,39.82,140054
2022-08-25,40,40.48,39.35,39.88,138774
2022-08-26,40.18,40.18,38.2,38.42,201168
2022-08-29,37.79,38.68,37.01,38.27,157797
2022-08-30,38.8,39.38,37.5,37.7,116045
2022-08-31,37.9,38.5,37.25,37.9,99290
2022-09-01,37.54,37.6,36.01,36.01,193125
2022-09-02,36.95,36.95,35.25,36.76,231979
2022-09-05,36.37,36.53,35.2,35.34,137490
2022-09-06,35.9,35.98,33.5,33.85,207129
2022-09-07,33.68,33.99,32.72,33.03,310795
2022-09-08,33.9,34.89,33.63,34.65,180009
2022-09-09,34.93,37.8,34.86,37.8,247066
2022-09-12,37.8,39.9,36.26,39.25,606712
2022-09-13,39.9,40,37.98,38.09,243247
2022-09-14,37.5,38.7,37.15,37.98,199650
2022-09-15,38,38.7,37.51,37.66,158407
2022-09-16,37,37.72,35.4,35.8,417002
2022-09-19,35.97,37.21,35.56,37.21,78473
2022-09-20,37.21,38.69,36.41,36.41,95446
2022-09-21,36.4,36.69,35.54,36.2,118126
2022-09-22,35.8,36.65,35.46,35.99,115437
2022-09-23,36.01,36.2,33.72,33.72,212305
2022-09-26,33.65,34.26,32.81,33.8,226573
2022-09-27,34.62,36.16,34.45,35.59,402396
2022-09-28,34.9,36.93,34.35,36.93,262646
2022-09-29,36.86,36.9,35.98,36.4,201674
2022-09-30,36.58,37.29,36.35,37.14,315954
2022-10-03,37.35,37.35,35,36.57,207026
2022-10-04,37.38,39.06,37.38,39.06,301570
2022-10-05,39.1,40.7,38.4,39,314590
2022-10-06,39.85,40.24,38.02,38.41,224996
2022-10-07,38.35,38.82,37.44,37.84,170189
2022-10-10,37.41,37.96,36.14,37.4,131245
2022-10-11,37.5,38.36,36.84,38.36,179841
2022-10-12,39.08,39.37,37.33,37.33,95250
2022-10-13,37.75,38,35.64,36.7,180218
2022-10-14,37.7,38.48,37.13,37.78,169674
2022-10-17,38,38.46,37.25,38,63087
2022-10-18,38.76,38.89,37.74,37.8,108988
2022-10-19,37.8,37.8,36.1,36.16,77905
2022-10-20,36.1,36.1,35.12,35.57,130550
2022-10-21,35.15,35.2,33.1,34.99,228787
2022-10-24,35.01,36.6,34.59,35.69,133155
2022-10-25,36,36.59,34.8,35.21,87329
2022-10-26,34.01,37.24,34,37.24,233538
2022-10-27,37,37,35.3,35.35,302795
2022-10-28,35,35.99,34.66,35.6,160373
2022-10-31,35.96,36.94,35.68,36.85,153199
2022-11-02,36.86,37.94,36.86,37.73,227136
2022-11-03,36.86,37.4,36.01,36.31,131732
2022-11-04,36.33,39.22,36.33,38.2,424639
2022-11-07,37.84,37.84,36,36.56,455703
2022-11-08,36.57,37.3,35.85,37.29,199398
2022-11-09,37.29,37.8,36.56,37,131422
2022-11-10,36.8,38.25,35.58,38.11,267215
2022-11-14,38.26,41.25,38.26,39.88,742281
2022-11-15,40.65,41,39.13,40,308719
2022-11-16,39.4,39.9,38.5,38.66,235457
2022-11-17,39,39.29,36.77,36.86,283975
2022-11-18,36.9,37.83,35.9,37.79,239050
2022-11-21,37.79,38.01,36.37,36.37,167312
2022-11-22,36.45,37.78,36.22,37.7,141425
2022-11-23,37.9,38.2,37.3,37.63,112277
2022-11-24,37.9,40.9,37.5,39.47,482093
2022-11-25,39.89,39.9,38.8,39.2,143330
2022-11-28,39,39.04,38.12,38.31,136594
2022-11-29,38.9,38.98,37.69,37.89,96365
2022-11-30,38,38.5,37.53,37.57,120856
2022-12-01,38.4,39.18,38.35,39.09,225020
2022-12-02,37.8,38.48,37,37.9,250074
2022-12-05,38.32,39.45,37.78,39.28,202882
2022-12-06,39.2,39.2,38,38,106603
2022-12-07,38,38.7,37.7,38.7,99528
2022-12-08,38.7,38.7,37.8,38.16,81861
2022-12-09,38.55,38.88,37.79,38.25,99460
2022-12-12,38.23,38.23,37.38,37.97,89077
2022-12-13,38.08,39.2,37.51,38.62,205465
2022-12-14,38.5,38.73,38,38.19,135398
2022-12-15,38.03,38.13,36.5,36.5,296276
2022-12-16,36.4,36.87,36.12,36.24,351335
2022-12-19,36.42,38.42,36.11,38.08,252668
2022-12-20,37.1,38.29,37.04,37.66,131209
2022-12-21,37.7,38.4,37.48,38.4,264919
2022-12-22,38.32,39.33,38.32,38.98,371114
2022-12-23,38.85,40.1,38.85,40.1,484975
2022-12-27,40.28,42.22,40.28,41.16,568130
2022-12-28,41.36,43.46,40.69,43.03,550462
2022-12-29,42.97,43.78,42.26,43.49,284155
2022-12-30,43.4,44.2,42.47,42.87,262093
2023-01-02,43,44.17,42.33,43.44,155610
2023-01-03,43.03,44,42.8,43,191870
2023-01-04,43.23,45.86,43.23,45.86,423583
2023-01-05,45.95,48.28,45.52,46.82,629032
2023-01-09,47.5,48.17,44.87,45.8,532150
2023-01-10,45.6,46.58,45,45.95,299007
2023-01-11,46,46.45,44.8,44.8,180739
2023-01-12,44.8,45.69,43.3,44.07,253547
2023-01-13,44.11,44.23,43,43.29,185175
2023-01-16,43.29,44.26,43.15,43.5,182777
2023-01-17,43.51,44.28,43.02,43.64,126520
2023-01-18,43.66,44,42.36,42.55,352689
2023-01-19,42.2,42.73,41.15,41.5,223861
2023-01-20,41.59,42.21,41.08,42.01,205925
2023-01-23,42.85,43.58,42.06,42.27,224399
2023-01-24,42.59,43.72,42.37,42.55,242235
2023-01-25,42.3,42.8,41.6,41.72,147537
2023-01-26,42.22,42.76,41.71,42.36,118170
2023-01-27,42.58,43.39,42.11,42.21,179870
2023-01-30,42.4,42.96,41.62,42.9,159819
2023-01-31,42.8,44.3,42.5,44,287807
2023-02-01,44,44,40.25,41.02,620431
2023-02-02,41.81,42.78,41.6,42,260111
2023-02-03,42,42.24,40.74,41.09,141217
2023-02-06,40.8,41.09,39.11,39.28,327034
2023-02-07,38.6,39.1,37.25,38.3,413823
2023-02-08,38.95,38.99,37.45,37.65,440292
2023-02-09,38,38.7,37.8,38,211966
2023-02-10,37.81,37.85,35.92,36.93,524514
2023-02-13,37,37.2,35.15,35.61,529981
2023-02-14,35.81,36.18,34.82,35.09,317302
2023-02-15,35,35.84,34.75,35.32,217667
2023-02-16,35.5,36.55,34.78,36.5,339378
2023-02-17,36.55,36.62,35.58,36.02,223804
2023-02-20,36.3,36.42,35.05,35.19,174522
2023-02-21,35.5,35.5,34.02,34.49,231283
2023-02-22,34.5,34.5,33.56,34.2,274724
2023-02-23,34.26,35.43,34.04,35.04,252363
2023-02-24,35.18,35.39,34.42,34.76,130389
2023-02-27,35,35.18,34.51,35.13,52761
2023-02-28,35.1,35.52,34.8,35.39,117073
2023-03-01,35.48,35.94,35.11,35.49,114209
2023-03-02,35.49,35.49,34.6,34.68,114327
2023-03-03,35.08,35.71,34.83,35.45,163952
2023-03-06,35.69,36.43,35.5,35.96,190409
2023-03-07,36,36.06,34.86,34.88,231989
2023-03-08,34.99,35.22,34.62,34.99,149631
2023-03-09,35.2,35.27,34.54,35.23,116881
2023-03-10,34.84,36.08,34.45,35.43,267103
2023-03-13,35.96,36.88,34.51,35.05,413456
2023-03-14,35,35.73,34.68,35.7,166889
2023-03-15,35.87,36.11,34.87,35,216657
2023-03-16,35,35.36,34.28,35.32,243256
2023-03-17,35.5,36.58,35.27,36.17,580034
2023-03-20,36.17,36.78,35.28,36.78,172556
2023-03-21,37.1,37.57,36.23,36.7,117491
2023-03-22,36.8,37.2,36.47,36.59,81075
2023-03-23,36.59,37.11,35.66,36.8,121600
2023-03-24,36.87,36.87,35.14,35.53,115725
2023-03-27,35.88,35.99,35.22,35.72,41882
2023-03-28,35.8,36.52,35.6,35.98,93597
2023-03-29,36,36.45,35.67,36.09,112624
2023-03-30,36.47,37.32,36.08,36.86,195162
2023-03-31,36.68,39,36.57,38.59,255913
